word,meaning,phonetic,example,example_cn
Africa,非洲,,,
African,非洲人；非洲的,,,
America,美洲；美国,,,
American,美国人；美洲的,,,
April,四月,,,
Arabian,阿拉伯的,,,
Asia,亚洲,,,
Asian,亚洲人；亚洲的,,,
Atlantic,大西洋；大西洋的,,,
August,八月,,,
Australia,澳大利亚,,,
Australian,澳大利亚的,,,
Bible,圣经；基督教《圣经》,,,
Britain,不列颠，英国,,,
British,不列颠的，英联邦的,,,
Canada,加拿大,,,
Canadian,加拿大的,,,
China,中国,,,
Chinese,中国人；中国的,,,
Christ,基督， 救世主,,,
Christian,基督教徒，信徒；基督教徒；信徒；基督教的,,,
Christmas,圣诞节,,,
December,十二月,,,
England,英格兰；英国,,,
English,英国人的；英语,,,
Englishman,英国男子,,,
Europe,欧洲,,,
European,欧洲人；欧洲的,,,
FALSE,不真实的；伪造的,,,
Fahrenheit,华氏温度计,,,
February,二月,,,
France,法国，法兰西,,,
French,法国人；法国的,,,
Friday,星期五,,,
German,德国人；德国的,,,
Germany,德意志，德国,,,
God,神，神像；上帝,,,
Greek,希腊人；希腊的,,,
I,(主格)我,,,
India,印度,,,
Indian,印度人；印度的,,,
Italian,意大利的n意大利人,,,
January,一月,,,
Japan,日本，日本国,,,
Japanese,日本人；日本的,,,
July,七月,,,
June,六月,,,
Latin,拉丁的；拉丁语,,,
March,三月,,,
Marxism,马克思主义,,,
Marxist,马克思主义的；马克思主义者,,,
Mediterranean,地中海；地中海的,,,
Mister,先生,,,
Monday,星期一,,,
Negro,黑人,,,
November,十一月,,,
Oceania,大洋洲,,,
October,十月,,,
Roman,古罗马人；罗马的,,,
X-ray,X射线， X光,,,
a,一(个)；每一(个),,,
abandon,丢弃；放弃，抛弃；放任； 纵情；离弃，丢弃；遗弃，抛弃；放弃,,,
ability,能力， 本领； 才能， 才智；能力；能耐，本领,,,
able,有能力的；出色的,,,
abnormal,不正常的；变态的,,,
aboard,在船(车)上；上船；在船上， 上船,,,
about,关于；在…周围,,,
above,在…上面；高于,,,
abroad,(在)国外；到处；到国外； 在传播， 在流传,,,
abruptly,突然地,,,
absence,缺席， 不在； 缺席的时间， 外出期； 缺乏， 不存在；缺席，不在场；缺乏,,,
absent,不在场的；缺乏的；缺席的；缺席的， 不在场的； 缺乏的， 不存在的； 心不在焉的,,,
absolute,十足的， 地道的； 绝对的， 完全的； 不受任何限制的；绝对的；纯粹的,,,
absolutely,完全地；绝对地,,,
absorb,吸收（液体、气体等）；吸收； 吸引…的注意， 使全神贯注； 把…并入， 同化；吸收；使专心,,,
abstract,做…的摘要； 提取；抽象的；抽象的，抽象派的；摘要；摘要， 梗概； 抽象派艺术作品,,,
abundant,丰富的， 富裕的； 大量的， 充足的；丰富的；大量的；大量的，丰富的,,,
abuse,滥用；滥用，虐待；滥用； 虐待， 伤害； 辱骂， 毁谤；滥用；虐待,,,
academic,学校(院)的，学术的；学院的； 学术的； 纯理论的， 不切实际的；学院的；学术的,,,
academy,研究会， 学会； 专门学校；私立中学；专科院校,,,
accelerate,(使)加快；促进；使加快， 使增速；加速,,,
acceleration,加速；加速度,,,
accent,口音， 腔调； 重音；口音，腔调；重音,,,
accept,接受；同意,,,
acceptable,可接受的，合意的,,,
acceptance,接受，验收；承认；接受； 承认； 容忍,,,
access,存取；接近，入口；接近；通道，入口；接近；通道，入口；接近的机会；获取,,,
accessary,同谋，从犯,,,
accessible,易接近的,,,
accident,意外的；事故；意外， 事故,,,
accidental,偶然的， 意外的；偶然的；非本质的,,,
accommodate,容纳；供应，供给；适合， 提供住宿,,,
accommodation,住处； 膳宿；招待设备；预定铺位,,,
accompany,陪伴；陪伴， 陪同， 伴随； 为…伴奏；陪伴，陪同；伴随,,,
accomplish,完成；达到(目的)；完成；达到； 完成,,,
accord,一致，符合；谅解，协议；使一致；给予；使符合；使一致；调节；授予，赠与，给予；相符合； 相一致,,,
accordance,一致； 和谐；一致；和谐；授予,,,
according,相等的， 一致的， 依…而定的,,,
accordingly,因此， 所以； 照着；因此，所以；照着,,,
account,记述；解释；帐目；记述；解释；账目；说明原因； 占,,,
accountancy,会计工作； 会计学,,,
accountant,会计人员， 会计师,,,
accumulate,堆积；积累；积累， 堆积；积累，增加,,,
accuracy,准确(性)；准确度；准确， 精确,,,
accurate,准确的， 正确无误的；准确的，正确无误的；精确的，准确的,,,
accusation,谴责； 【律】 指控,,,
accuse,指责， 归咎于；指责；归咎于,,,
accustom,使习惯,,,
accustomed,惯常的， 习惯的；惯常的；习惯的,,,
ache,疼痛；疼痛；渴望；痛；想念,,,
achieve,完成，实现；完成，实现；达到,,,
achievement,完成； 成就， 成绩；完成；成就，成绩,,,
acid,酸；酸的， 酸性的；酸；酸的，酸性的,,,
acknowledge,承认(…的权威)；承认， 承认…的权威； 告知收到， 确认； 对…表示感谢， 报偿,,,
acquaint,使认识， 使了解,,,
acquaintance,认识， 了解； 熟人；认识；了解；熟人,,,
acquire,取得， 获得， 学到；取得；获得；学到；获得,,,
acquisition,取得， 获得， 习得； 获得物， 增添的人,,,
acre,英亩；英亩(=607亩),,,
across,横过；在…对面,,,
act,行为；行动；见效,,,
action,行动； 已做的事； 作用， 功能； 情节；行动；作用；功能,,,
active,活跃的， 积极的； 主动的； 起作用的；活跃的；积极的,,,
activity,活动； 活力； 行动；活动；活力；行动,,,
actor,男演员；演剧的人,,,
actress,女演员,,,
actual,实际的；现行的,,,
actually,实际上；竟然,,,
acute,严重的； 急性的； 灵敏的， 敏锐的； 精明的；尖的，锐的；敏锐的；敏锐的,,,
ad,广告,,,
adapt,使适应； 改编；使适应；改编；适应于,,,
add,添加，附加，掺加,,,
addiction,上瘾,,,
addition,加， 加法； 附加物；加，加法；附加物,,,
additional,附加的， 追加的；附加的，追加的；额外的,,,
address,地址；演说；谈吐；解决,,,
adequate,足够的；足够的； 可以胜任的；足够的；可以胜任的,,,
adjective,形容词；形容词的,,,
adjust,调整， 调节， 校正；调整，调节；校正,,,
administration,管理，政府；管理； 管理部门， 行政机关； 实行， 执行；管理；管理部门,,,
administrative,管理的,,,
admiration,钦佩，称赞,,,
admire,钦佩， 羡慕； 赞赏， 称赞， 夸奖；钦佩，称赞；钦佩，羡慕，赞赏,,,
admission,允许进入； 承认； 入场费， 入场券；允许进入；承认；准许进(加)入；入场费；承认,,,
admit,承认， 供认； 准许…进入；承认，容许；承认；准许…进入,,,
adopt,收养； 采用， 采取； 正式通过， 批准；收养；采用；采取,,,
adoptive,收养关系的； 采用的,,,
adult,成年人；成年的；成年的； 成年人的， 适宜于成年人的,,,
advance,前进，提前；前进；提高；进展,,,
advanced,先进的； 高级的； 年迈的； 后阶段的；先进的；高级的；高级的,,,
advancement,进步，提升,,,
advantage,优点， 优势， 好处；优点，优势；好处,,,
adventure,冒险；惊险活动；奇遇； 冒险， 冒险活动,,,
adverb,副词,,,
adversity,逆境，不幸,,,
advertise,为…做广告， 宣传； 公告； 登广告,,,
advertisement,广告， 公告， 登广告； 广告活动， 宣传；广告；公告；登广告,,,
advice,劝告；忠告；意见；建议,,,
advisable,明智的， 可取的；明智的；可取的,,,
advise,劝告；建议；通知,,,
advisory,报告,,,
advocate,倡导；拥护者， 提倡者； 辩护者， 律师；拥护， 提倡， 主张,,,
advocator,主张者，倡导者,,,
aeroplane,飞机,,,
affair,事情，事件；事务,,,
affect,影响； 感动；影响；感动,,,
affection,感情； 爱， 爱慕；慈爱，爱；爱慕,,,
affectionate,深情的，柔情的,,,
affirm,断言，声明,,,
affirmation,断言，肯定,,,
afford,担负得起…；提供；担负得起； 提供；负担得起,,,
afraid,害怕的；担心的,,,
after,在…以后；次于,,,
afternoon,下午，午后,,,
afterward,后来， 以后；后来，以后,,,
again,又一次；而且,,,
against,倚在；逆，对着,,,
age,变老；年龄；时代,,,
agency,机构；经办， 代理； 代理处； 专门行政部门；经办；代理；代理处,,,
agenda,议事日程,,,
agent,代理人， 代理商； 政府代表； 动因， 原因； 剂；代理人，代理商；代理商,,,
aggressive,侵略的， 好斗的； 敢做敢为的； 有进取心的；侵略的；好斗的；挑衅的，好斗的；有上进心的,,,
ago,以前,,,
agony,极度痛苦,,,
agree,同意；持相同意见,,,
agreement,协定，协议；同意,,,
agriculture,农业， 农学；农业，农艺；农学,,,
ahead,在前；向前；提前,,,
aid,帮助，救护；助手；帮助； 救护； 助手； 辅助手段,,,
aim,瞄准，针对；致力,,,
air,空气；空中；外观,,,
aircraft,飞机， 飞行器；飞机，飞行器,,,
airline,航空公司； 航线；航空公司；航线,,,
airplane,飞机,,,
airport,机场， 航空港；机场，航空站,,,
alarm,使惊恐； 使担心；惊恐，忧虑；警报；惊恐；忧虑；警报,,,
album,粘贴簿，集邮簿，像册,,,
alcohol,酒精；酒精， 乙醇；酒精，乙醇,,,
alert,使认识到，使意识到；提醒；；机警的；警戒， 戒备； 警报；警觉的，留神的，注意的,,,
alike,一样地， 相似地； 同样程度地；同样的，相同的,,,
alive,活着的；活跃的,,,
all,全部；全部的,,,
alliance,结盟， 联盟,,,
allocate,分配， 分派， 把…拨给,,,
allow,允许， 准许； 同意给； 承认； 允许…进入；允许，准许；任,,,
allowance,津贴， 补贴； 零用钱,,,
alloy,合金；(金属的)成色,,,
ally,同盟国， 同盟者； 支持者；结盟， 联合,,,
almost,几乎，差不多,,,
alone,单独地；单独的,,,
along,向前；沿着,,,
alongside,在…旁边， 沿着…的边； 和…在一起；在旁边，沿着边，并排地,,,
aloud,出声地，大声地,,,
alphabet,字母表， 字母系统；字母表，字母系统,,,
already,早已，已经,,,
also,亦，也；而且，还,,,
alter,改变；改变， 变更， 变动；改变，变更；改做,,,
alternative,两者选一的， 供选择的； 另类的；代替品；替换物，选择；选择的自由；替换物；取舍，抉择,,,
although,尽管，虽然,,,
altitude,海拔, 高度；海拔， 高度； 高处；高，高度；高处,,,
altogether,完全；总而言之,,,
aluminium,铝,,,
always,总是，一直；永远,,,
amateur,业余爱好的， 业余的； 外行的；业余爱好者；外行,,,
amaze,使吃惊；使惊奇， 使惊愕；使惊奇，使惊愕,,,
ambassador,大使， 使节， 派驻国际组织的代表,,,
ambition,雄心， 抱负； 野心； 期望得到的东西；雄心，抱负，野心,,,
ambitious,有雄心的，野心勃勃的,,,
ambulance,救护车； 野战医院；救护车；野战医院,,,
amid,在…中间， 在…之中， 被…围绕,,,
among,在…之中,,,
amongst,在…之中；在…之中(=among),,,
amount,总数；数量；和,,,
ampere,安培,,,
amplify,放大，增强；扩大,,,
amuse,逗…乐， 给…娱乐；逗…乐；给…娱乐,,,
amusing,有趣的，好玩儿的,,,
analyse,分析，分解，解析；分析； 分解； 解析,,,
analysis,分析， 分析报告； 分解； 解析；分析，分解，解析,,,
analyze,分析,,,
ancestor,祖宗， 祖先； 原型； 先驱；祖宗，祖先,,,
anchor,抛锚， 停泊； 把…系住， 使固定； 担任主持人； 固定， 扎根；抛锚，停泊；锚；锚；给人安全感的物,,,
ancient,古代的；古代的， 古老的； 年老的， 看上去很老的；古代的，古老的,,,
and,和，又，并，则,,,
angel,天使，神差，安琪儿,,,
anger,使发怒；怒，愤怒,,,
angle,角， 角度； 观点， 立场；角，角度,,,
angry,愤怒的，生气的,,,
animal,动物的；动物，兽,,,
ankle,踝， 踝关节；踝，踝节部,,,
anniversary,周年纪念日,,,
announce,宣布，声称；宣布，宣告，发表,,,
announcer,宣告者；播音员,,,
annoy,使反感，厌烦；使恼怒； 打搅；使恼怒；打搅,,,
annual,年报；年报， 年鉴； 一年生的植物；每年的；每年的，一年一次的,,,
annually,每年，一年一次,,,
anonymous,匿名的； 无名的； 无特色的,,,
another,再一个的；别的,,,
answer,回答；响应；适应,,,
ant,蚂蚁,,,
anticipate,预感；预料， 预期， 期望； 先于…行动； 提前使用；预料，预期，期望,,,
antique,古时的， 过时的；古物，古董；古玩，古董,,,
anxiety,焦虑， 忧虑； 渴望， 热望；焦虑，忧虑；渴望,,,
anxious,忧虑的， 令人焦急的； 渴望的；忧虑的；渴望的,,,
any,什么，一些；任何的,,,
anybody,任何人,,,
anyhow,无论如何；无论如何， 不管怎么说； 随随便便地， 杂乱无章地,,,
anyone,任何人,,,
anything,任何事物；一切,,,
anyway,无论如何；无论如何， 至少； 不论以何种方式， 无论从什么角度,,,
anywhere,在什么地方,,,
apart,分离的， 分隔的；成距离，相间隔；分开，除去；相隔；分开；除去,,,
apartment,一套公寓房间；公寓,,,
apologize,道歉， 谢罪， 认错；道歉，谢罪，认错,,,
apology,道歉， 认错， 谢罪；道歉，认错，谢罪,,,
apparatus,器械，仪器；器官,,,
apparent,表面上的， 明显的；表面上的；明显的,,,
appeal,上诉；吸引，呼吁；呼吁，恳求；申诉，上诉；呼吁；申述；感染力， 吸引力； 呼吁， 上诉,,,
appealing,吸引人的,,,
appear,出现；来到；似乎,,,
appearance,出现， 来到； 外观；出现，来到；外观；外表, 出现,,,
appetite,欲望, 胃口；食欲， 胃口； 欲望；食欲，胃口；欲望,,,
applause,鼓掌， 掌声,,,
apple,苹果，苹果树,,,
appliance,用具， 器具， 器械； 家电；用具，器具，器械,,,
applicable,能应用的； 合适的， 适当的；能应用的；适当的,,,
applicant,申请人,,,
application,申请， 申请书； 施用， 涂抹； 应用， 实施； 实用性；申请，应用；请求，申请；施用,,,
apply,应用, 申请；应用，实施，使用；应用，实施；使用；涂敷；把…施于；适用； 申请， 请求； 涂， 敷， 施,,,
appoint,任命， 委任； 约定， 指定；任命，委任；约定；任命，委派；约定，确定，指定,,,
appointment,任命； 约定； 约会； 委任的职位；任命；约定，约会；约会,,,
appreciate,感激，欣赏；欣赏；领会；感谢；重视， 赏识； 领会， 体会； 感谢； 增值,,,
appreciation,评价，感激,,,
approach,向…靠近；接近，方法；靠近,,,
appropriate,适当的， 恰当的；适当的，恰当的,,,
approval,批准，认可，赞成；赞成， 同意， 批准；赞成，同意；批准,,,
approve,赞成， 称许； 批准；赞成，同意；赞成，称许；批准,,,
approximate,近似；近似的；近似； 估计,,,
approximately,大约；近似地，大约,,,
arbitrary,随心所欲的， 专断的；随心所欲的；专断的,,,
architect,建筑师；建筑师， 设计师； 缔造者,,,
architecture,建筑学； 建筑式样， 建筑风格；建筑学；建筑式样,,,
archive,档案文件,,,
area,面积；地区；领域,,,
argue,争论，争辩，辩论；争论，争辩，辩论；主张；说服；争辩， 争论,,,
argument,争论， 辩论； 理由； 说理， 论证；争论，辩论；理由,,,
arise,出现； 由…引起； 起身， 起床；出现；由…引起,,,
arithmetic,算术， 四则运算；算术，四则运算,,,
arm,臂；臂状物；武器,,,
army,军队；陆军,,,
around,在…周围,,,
arouse,引起，唤起；唤醒；引起； 唤起， 唤醒,,,
arrange,安排， 准备， 整理；把…（系统地）分类；筹备；整理；调解,,,
arrangement,整理， 排列， 安排； 准备工作；整理，排列；安排,,,
arrest,逮捕；逮捕， 拘留， 扣留；逮捕，拘留；停止，阻止；吸引；逮捕，拘留；阻止,,,
arrival,到达， 到来； 到达者， 到达物；到达；到来；到达者,,,
arrive,到达；来临；达到,,,
arrow,箭， 箭状物； 箭头符号；箭；箭状物,,,
art,艺术，美术；技术,,,
article,文章；条款；物品,,,
artificial,人工的， 人为的； 矫揉造作的； 模拟的；人工的；娇揉造作的,,,
artist,艺术家，美术家,,,
artistic,艺术的， 艺术家的； 富有艺术性的， 精美的； 精彩的；艺术的；艺术家的,,,
as,当…的时候,,,
ash,灰， 灰末； 骨灰；灰，灰末；骨灰,,,
ashamed,害羞的；惭愧(的)；羞耻(的)；惭愧的， 羞耻的， 害臊的,,,
aside,在旁边， 到旁边；在旁边，到旁边,,,
ask,问；要求；邀请,,,
asleep,睡着的，睡熟的,,,
aspect,方面； 朝向， 方向； 样子， 外表；方面；样子，外表,,,
assemble,组装；集合；集合， 召集； 装配；集合，召集；装配,,,
assembly,立法机构； 议会； 集合； 集会的人们； 装配， 组装；装配；集合；集会；装配,,,
assess,对(财产等)估价；对估价； 评价， 评论；评价,,,
asset,有价值的人(或物)资产；资产， 财产； 有价值的特性或技能， 优点,,,
assign,分配，布置；指派， 分配， 布置； 指定；指派；分配；指定,,,
assignment,任务， 指定的作业； 分配， 指派；任务，指定的作业；作业,,,
assist,援助， 帮助， 协助；援助，帮助；搀扶,,,
assistance,协助， 援助,,,
assistant,助手，助理，助教；助手，助理；助教；助理的， 辅助的,,,
associate,交往；交往；把……联系起来；伙伴，同事；副的；把…联系在一起；使联合；结合； 交往,,,
association,协会， 团体； 联合， 交往；协会，团体；联合,,,
assume,假定， 假设， 臆断； 承担， 担任； 呈现；假定，认为；假定；承担；呈现,,,
assumption,假定， 臆断； 担任， 承担；假定，假设,,,
assure,使确信； 确保， 向…保证；使确信；向…保证,,,
astonish,使惊讶， 使吃惊；使惊讶，使吃惊；使惊讶，使大为吃惊,,,
astronaut,宇宙航行员，宇航员,,,
astrophysics,天体物理学,,,
at,在…里；在…时,,,
athlete,运动员， 体育家；运动员；田径运动员,,,
atmosphere,大气， 空气； 气氛， 环境；大气；空气；气氛；气氛；大气；空气,,,
atmospheric,大气的；大气层的,,,
atom,原子；微粒；微量,,,
atomic,原子的， 原子能的， 原子武器的；原子的；原子能的,,,
attach,缚， 系， 贴； 附加； 使依恋， 使喜爱； 使附属； 认为有；缚，系，贴；附加,,,
attack,攻击， 进攻；攻击，打击；突然发作；攻击，进攻,,,
attain,达到， 获得， 完成；达到，获得，完成,,,
attempt,企图；尝试， 试图， 努力；尝试，试图,,,
attend,出席；照顾，护理,,,
attendance,出席，到场,,,
attention,注意，留心；注意力,,,
attentive,注意的；有礼貌的,,,
attitude,态度， 看法； 姿势；态度，看法；姿势,,,
attorney,律师， 代理人,,,
attract,吸引， 引起…注意；吸引；引起，诱惑,,,
attraction,吸引， 吸引力； 引力； 具有吸引力的事物；吸引；吸引力；引力,,,
attractive,有吸引力的；有吸引力的， 引起注意的,,,
attribute,属性；归因于；把…归因于,,,
audience,听众， 观众， 读者；听众，观众，读者,,,
audio,听觉的， 声音的,,,
aunt,伯母，婶母，姑母,,,
aural,耳的，听觉的,,,
author,作者，作家；著作家， 作者,,,
authoritative,权威的,,,
authority,官方； 权力； 当权者， 行政管理机构； 权威， 专家；当局，官方；权力,,,
auto,(口语)汽车；汽车,,,
automatic,自动手枪； 有自动装置的汽车；自动的；自动的，机械的；不假思索的，无意识的；必然的，自然的；自动的；机械的,,,
automation,自动，自动化,,,
automobile,汽车， 机动车；汽车，机动车,,,
autumn,秋，秋季,,,
auxiliary,辅助的， 附属的； 后备的；辅助的；附属的,,,
avail,有益, 有帮助,,,
available,可利用的，现有的；可获得的；可利用的；通用的；现成可使用的， 通用的； 可取的； 联系的； 可得到的,,,
avenue,林荫道， 道路， 大街；林荫道，道路；大街,,,
average,平均；平均数；平均数，平均；平均的；平均的；平常的；平常的,,,
aviate,驾驶飞机,,,
aviation,航空；航空，航空学,,,
avoid,避免；避免， 躲开； 撤销；避免，躲开；撤消,,,
await,等候，期待；等候； 期待； 将降临到…身上,,,
awake,唤醒；醒着的,,,
award,奖(金)；奖，奖品；判定；授予， 给予； 判给， 裁定；授予；判给,,,
aware,知道的， 意识到的；知道的，意识到的,,,
awareness,意识,,,
away,离开，远离；…去,,,
awful,令人不愉快的；令人不愉快的， 难过的； 非常的， 极大的；可怕的，骇人的,,,
awfully,令人畏惧的；很,,,
awkward,笨拙的， 尴尬的； 难操纵的， 使用不便的； 不灵巧的；笨拙的；尴尬的,,,
ax,斧子,,,
axis,轴，轴线；中心线,,,
baby,婴儿；孩子气的人,,,
back,在后；回原处；回,,,
background,出身背景， 经历； 背景资料； 背景， 底子；背景；背景，后景，经历,,,
backslide,倒退，退步,,,
backward,[-]倒； 向后， 往回；倒；向后的；向后的，倒的；落后的，进步慢的；向后的；倒的,,,
bacon,咸肉,,,
bacteria,细菌,,,
bad,坏的，恶的；严重的,,,
badly,坏，差；严重地,,,
badminton,羽毛球,,,
bag,袋，包，钱包，背包,,,
baggage,行李,,,
bake,烤， 烘， 焙；烤，烘，焙；烧硬,,,
bakery,面包店,,,
balance,使平衡；称；使平衡；称；权衡，比较；天平；天平； 平衡； 结存， 结欠,,,
balcony,阳台； 楼厅， 楼座,,,
ball,球，球状物；舞会,,,
balloon,气球， 玩具气球；气球，玩具气球,,,
ban,取缔，查禁；禁止；禁止；禁止， 禁令,,,
banana,香蕉；芭蕉属植物,,,
band,乐队；带；波段；乐队；群，伙；带；条纹；波段；用带绑扎,,,
bang,巨响，枪声；猛击；猛击， 猛撞； 发出砰的一声， 砰砰地响；猛击，猛撞；砰地敲,,,
bank,银行；库；岩，堤,,,
bankrupt,破产的；破产的，倒闭的,,,
banner,旗，旗帜，横幅；横幅； 旗， 旗帜,,,
bar,酒吧间；条，杆；栅,,,
barber,理发师,,,
bare,赤裸的；仅仅的；赤裸的；光秃的，无遮盖的；刚刚够的，勉强的；露出， 显露,,,
barely,仅仅， 只不过， 几乎不；仅仅，几乎不,,,
bargain,交易；特价商品；协议，交易；讨价还价；议价；成交,,,
bark,吠叫声；吠声， 叫声； 树皮；吠，叫,,,
barn,谷仓； 牲口棚；谷仓；牲口棚,,,
barrel,桶； 圆筒； 枪管；桶；圆筒；枪管,,,
barrier,栅栏，屏障；障碍；栅栏； 检票口； 屏障； 障碍， 隔阂,,,
base,基础，底层；基地,,,
baseball,棒球,,,
basic,基本的，基础的,,,
basically,基本上；基本上， 从根本上说,,,
basin,盆，洗脸盆；盆地,,,
basis,基础， 根据； 原则；基础，根据,,,
basket,篮，篓，筐,,,
basketball,篮球；篮球运动,,,
bat,球拍；短棍；蝙蝠；蝙蝠； 球棒， 球拍,,,
bath,浴，洗澡；浴缸,,,
bathe,洗澡； 游泳；给…洗澡；弄湿,,,
bathroom,浴室；盥洗室,,,
battery,电池， 蓄电池； 排炮， 炮组； 一系列， 一套；电池；一套，一组,,,
battle,作战；战争，战役；战役；斗争,,,
bay,湾； 分隔间；湾；山脉中的凹处,,,
be,v&vi是，在，做,,,
beach,海滩，湖滩，河滩,,,
beam,梁，横梁；束，柱；笑容，喜色；梁；横梁；束，柱；面露喜色； 定向发出， 播送,,,
bean,豆， 蚕豆；豆，蚕豆,,,
bear,熊；粗鲁的人,,,
beard,胡须， 络腮胡子；胡须，络腮胡子,,,
bearing,举止， 风度； 方位， 方向感； 影响,,,
beast,兽， 野兽， 牲畜； 凶残的人， 令人厌憎的人；兽，野兽；牲畜,,,
beat,打，敲；打败,,,
beautiful,美的，美丽的,,,
beauty,美，美丽；美人,,,
because,由于，因为,,,
become,变成；成为，变得,,,
bed,床，床位；圃；河床,,,
bee,蜂，密蜂；忙碌的人,,,
beef,牛肉；菜牛,,,
beer,啤酒,,,
before,在…以前；向…,,,
beg,乞求；请求,,,
beggar,乞丐；乞丐，穷人；使贫穷,,,
begin,开始,,,
beginner,初学者，生手,,,
beginning,开始，开端；起源,,,
behalf,利益；利益，维护，支持,,,
behave,表现；表现， 举止； 运转， 作出反应；表现，举止；运转,,,
behavior,行为， 举止， 表现；行为，举止，态度,,,
behind,在…后面,,,
being,存在； 生物， 生命；存在；生物；生命,,,
belief,信任， 相信； 信念；信任，相信；信念,,,
believe,相信；认为,,,
bell,钟，铃，门铃；钟声,,,
belong,属于，附属,,,
beloved,为…的爱的；所钟爱的， 所爱戴的；爱人,,,
below,在…下面(以下),,,
belt,带，腰带；皮带；区,,,
bench,长凳，条凳；工作台,,,
bend,使弯曲；弯曲,,,
beneath,在…下方；在…下方；低于，次于；在…掩盖下；连…也不值得，有失…的身份；在下方， 在底下,,,
beneficial,有利的， 有益的；有利的，有益的,,,
benefit,利益，恩惠；救济金，保险金，津贴；利益；恩惠；津贴；有益于，有助于；有益于； 得益,,,
berry,浆果(如草莓等),,,
beside,在…旁边,,,
besides,而且；而且prep除…之外；除…之外,,,
best,最好的；最大的,,,
bet,打赌；打赌； 赌金， 赌注；打赌；敢说，确信,,,
betray,背叛；辜负；泄漏,,,
better,更好地；较好的,,,
between,在…中间,,,
beyond,在…的那边；在…的那边，远于；迟于；越出；在更远处， 再往后,,,
bicycle,自行车，脚踏车,,,
bid,企图，努力；喊价，出价，投标；出价，投标；喊价， 投标， 出； 祝， 表示； 命令,,,
big,大的，巨大的,,,
bike,自行车；骑自行车,,,
bill,账单；招贴；票据,,,
billion,万亿(英)；十亿,,,
bind,捆绑， 包扎； 装订； 约束； 使结合， 使黏合；捆绑；包扎；装钉,,,
biological,生物的,,,
biology,生物学， 生态学；生物学；生态学,,,
biotechnology,生物工艺学,,,
bird,鸟，禽,,,
birth,分娩，出生；出身,,,
birthday,生日，诞生的日期,,,
biscuit,(英)饼干；(美)软饼,,,
bit,一点，一些，小片,,,
bite,咬，叮，螫；剌穿,,,
bitter,痛苦的；严寒的,,,
bitterly,苦苦地；悲痛地,,,
black,黑色的；黑暗的,,,
blackboard,黑板,,,
blade,刀刃， 刀片， 叶片；刀刃，刀片；叶片,,,
blame,指责，责怪；责备，把…归咎于,,,
blank,空白；空白的；空白的；茫然的，无表情的；空白； 空白表格,,,
blanket,毛毯， 毯子， 羊毛毯；毛毯，毯子，羊毛毯,,,
blast,炸；爆炸，冲击波；爆炸，冲击波；一阵,,,
blaze,火；闪光；燃烧,,,
bleed,出血， 流血； 泌脂；出血，流血；泌脂；勒索…的钱,,,
blend,混合；混和,,,
bless,为…祝福；祝福,,,
blind,瞎的；盲目的,,,
block,堵塞，拦阻；街区；阻碍；街区,,,
blood,血，血液；血统,,,
bloody,[用于加强语气]非常的；该死的；流血的；嗜杀的；[用于加强语气]非常，很；血染,,,
bloom,开花；花，开花，开花期；青春焕发；花；开花，开花期,,,
blossom,开花；花，开花,,,
blow,吹，吹动；吹响,,,
blue,蓝色；蓝色的,,,
board,上；上(船、车等)；搭伙； 膳宿；板；板，牌子；木板，纸板；委员会，董事会；伙食,,,
boast,吹嘘；自吹自擂， 自夸的话；自夸；自夸，吹嘘；以拥有…而自豪；自夸；自豪,,,
boat,小船，艇；渔船,,,
body,身体；主体；尸体,,,
bogus,假冒的,,,
boil,沸腾；汽化vt煮沸,,,
bold,勇敢的； 鲁莽的； 粗体的， 黑体的； 醒目的；大胆的；冒失的,,,
bolt,螺栓，插销；螺栓；插销；闩门,,,
bomb,炸弹；轰炸,,,
bond,联结，联系；公债；联结，联系；公债；契约，合同；黏合， 结合,,,
bone,骨，骨骼,,,
book,书，书籍；预定,,,
boom,激增， 繁荣， 迅速发展； 发出隆隆声；激增，繁荣，迅速发展；隆隆声，嗡嗡声,,,
boost,促使，促进；推动,宣扬；提高， 增长； 推动， 激励；提高，使增长；推动，激励；替…做广告，宣扬,,,
boot,靴子， 长筒靴； 行李箱； 解雇；靴子，长统靴,,,
booth,货摊；公用电话亭,,,
border,给…加上边， 围； 邻接； 与…接壤；边，边缘，边界；边，边缘；边界,,,
bore,令人讨厌的人；使厌烦；钻，挖,,,
boring,令人厌烦的， 乏味的， 无聊的,,,
born,天生的；出生的,,,
borrow,借，借用，借人,,,
bosom,胸，胸部；内心,,,
boss,指挥；老板，上司,,,
both,两者(都),,,
bother,打扰；麻烦；烦扰，迷惑；麻烦,,,
bottle,瓶，酒瓶；一瓶,,,
bottom,底，底部，根基,,,
bough,树枝,,,
bounce,反跳，弹起；跳起；弹起，反弹；颠簸；弹， 反弹,,,
bound,一定的；有义务的；跳跃； 界限， 限制；跳跃；弹回，反跃；跳跃；弹回，反跃；成为…的界限，给…划界,,,
boundary,分界线， 边界；分界线，边界,,,
bow,弓；蝴蝶结；鞠躬；鞠躬,,,
bowl,碗，钵；碗状物,,,
box,箱，盒；包箱,,,
boy,男孩，少年；家伙,,,
bracket,把…归为同一类；括号,,,
brain,脑，脑髓；脑力,,,
brake,制动；制动； 刹住， 用闸使放慢速度；闸，刹车,,,
branch,树枝；分部；分科,,,
brand,品牌；烙印；商品；烙印；铭刻；铭刻， 打烙印于； 加污名于， 谴责,,,
brandy,白兰地酒,,,
brass,黄铜， 黄铜器， 铜管乐器；黄铜；黄铜器,,,
brave,勇敢的，华丽的；勇敢的； 华丽的,,,
bread,面包；食物，粮食,,,
breadth,宽度，幅度；幅面；宽度； 幅度， 幅面,,,
break,打破；损坏；破坏,,,
breakdown,垮， 衰竭； 损坏， 故障； 倒塌,,,
breakfast,早饭，早餐,,,
breakthrough,突破,,,
breast,乳房； 胸脯， 胸膛；乳房；胸脯，胸膛,,,
breath,气息，呼吸；气味,,,
breathe,呼吸,,,
breed,使繁殖；品种；繁殖； 养育， 培育； 酿成， 产生,,,
breeze,微风，和风；飘然而行,,,
brick,砖， 砖块， 砖状物；砖，砖块；砖状物,,,
bride,新娘,,,
bridge,桥，桥梁；桥牌,,,
brief,向…介绍基本情况，做…的提要；概要， 摘要；简短的，短暂的；简短的；短暂的,,,
bright,明亮的；聪明的,,,
brighten,使发光；使快活,,,
brilliant,光辉的； 卓越的；光辉的；卓越的,,,
brim,边，边缘；帽沿,,,
bring,带来；引出；促使,,,
brisk,活泼的；清新的,,,
bristle,短而硬的毛；鬃毛,,,
brittle,脆的；易损坏的,,,
broad,宽的；宽的，阔的；广泛的,,,
broadcast,广播，播音,,,
broken,被打碎的，骨折的,,,
bronze,青铜；青铜制品,,,
brood,同窝幼鸟；孵(蛋),,,
brook,小河，溪流,,,
broom,扫帚,,,
brother,兄弟；同事，同胞,,,
brow,额， 眉， 眉毛；额；眉，眉毛,,,
brown,褐色，棕色,,,
bruise,青肿，伤痕；擦伤,,,
brush,刷子，毛刷；画笔,,,
brute,禽兽，畜生,,,
bubble,冒泡，沸腾；冒泡； 沸腾；泡,,,
bucket,水桶， 吊桶； 铲斗；水桶；吊桶；铲斗,,,
bud,芽，萌芽；蓓蕾,,,
budget,低廉的， 收费公道的；编预算；规划，安排；编预算；预算；预算，预算拨款,,,
build,建筑；建立；创立,,,
building,建筑物，大楼；建筑,,,
bulb,电灯泡， 球状物；电灯泡；球状物,,,
bulk,变得越来越大； 使更大；物体，容积，大批；物体；体积；大批,,,
bull,公牛；雄的象,,,
bullet,枪弹， 子弹， 弹丸；枪弹，子弹，弹丸,,,
bump,碰撞， 猛撞； 肿块； 隆起物；碰，撞；颠簸着前进,,,
bunch,使成一束；束，球，串；一群；群，伙；束，串，捆；集中， 挤在一起； 形成一束,,,
bundle,捆，包，束；包袱；收集， 归拢； 把…塞入,,,
burden,加重压于， 烦扰； 负担， 装载；担子，重担；装载量；负担，包袱；重担，精神负担,,,
bureau,局；局， 司， 处， 社， 所；局，司，处；社，所,,,
burn,烧伤；烧，燃烧,,,
burst,使爆炸；突然打开；使爆裂；爆炸；爆裂，爆炸；挤满；突然打开；突然发作,,,
bury,埋葬，葬；埋藏,,,
bus,公共汽车,,,
bush,灌木，灌木丛，矮树,,,
business,商业，生意；事务,,,
busy,忙的，繁忙的,,,
but,但是，可是,,,
butcher,屠夫；屠杀者；屠宰， 残杀；肉商，肉贩，屠夫,,,
butter,黄油；奶油,,,
butterfly,蝴蝶,,,
button,扣子；按钮；扣紧,,,
buy,买；买，购买,,,
by,在…旁；被，由,,,
cabbage,洋白菜， 卷心菜；洋白菜，卷心菜,,,
cabin,小屋； 船舱， 机舱；小屋；船舱，机舱,,,
cabinet,橱， 柜； 内阁；橱，柜；内阁,,,
cable,缆， 索， 电缆； 电报；缆，索；电缆；电报,,,
cafe,咖啡馆；小餐厅,,,
cafeteria,自助食堂,,,
cage,笼；鸟笼，囚笼,,,
cake,饼，糕，蛋糕,,,
calculate,计算；计算； 估计； 计划；计算；估计；计划,,,
calculation,计算，计算结果,,,
calculator,计算器， 计算者；计算器，计算者,,,
calendar,日历， 历书， 历法；日历，历书；历法,,,
call,把…叫做；叫，喊,,,
calm,平静， 镇静；静的，平静的,,,
camel,骆驼,,,
camera,照相机，摄影机,,,
camp,野营，营地，兵营,,,
campaign,参加运动； 参加竞选；战役；运动；活动,,,
campus,校园， 学校场地；校园，学校场地,,,
can,罐头，听头；容器,,,
canal,运河， 沟渠； 管；运河；沟渠；管,,,
cancel,取消；取消， 撤销； 删去；取消，撤消；删去,,,
cancer,癌， 癌症； 肿瘤；癌，癌症，肿瘤,,,
candidate,候选人； 投考者， 申请求职者；候选人；投考者；申请求职者；投考者；候选人,,,
candle,蜡烛；烛形物；烛光,,,
candy,糖果；糖果；砂糖结晶,,,
cannon,大炮，火炮；榴弹炮,,,
canoe,独木舟，皮艇，划子,,,
canteen,小卖部；临时餐室；食堂,,,
canvas,粗帆布；一块油画布,,,
cap,帽子，便帽；帽状物,,,
capable,有能力的， 有才能的；有能力的，有才能的；能干的，有能力的,,,
capacity,容量； 能力， 才能； 能量； 身份， 地位；容量；能力；能量,,,
capital,资本，资金；首都,,,
captain,陆军上尉；队长,,,
captive,俘虏，被监禁的人,,,
capture,捕获， 俘获； 夺得；捕获，俘获；夺得,,,
car,汽车，小汽车，轿车,,,
carbon,碳,,,
card,卡，卡片，名片,,,
care,关心，介意；小心,,,
career,生涯， 职业， 经历；生涯，职业，经历,,,
careful,仔细的；细致的,,,
caregiver,照料者,,,
careless,粗心的；粗心的，漫不经心的,,,
cargo,船货， 货物；船货，货物,,,
carpenter,木匠；木工， 木匠；木工，木匠,,,
carpet,地毯；地毯，毡毯，毛毯,,,
carriage,客车厢， 四轮马车；客车厢；四轮马车,,,
carrier,运输工具， 运载工具； 带菌者； 载重架， 置物架；运输工具；运载工具,,,
carrot,胡罗卜；胡萝卜,,,
carry,携带；运载；传送,,,
cart,二轮运货马车；运货马车,,,
cartoon,卡通画， 幽默画； 动画片， 卡通片,,,
carve,刻，雕刻；切开,,,
case,情况；事实；病例,,,
cash,把…兑现；现金，现款,,,
cashier,出纳,,,
cassette,盒式录音带；盒式录音带；盒子,,,
cast,投，扔，抛；浇铸；演员表， 全体演员； 石膏绷带； 铸型， 铸件； 投， 抛,,,
castle,城堡；巨大建筑物,,,
casual,偶然的，随便的；偶然的； 非正式的； 临时的， 不定期的； 漠不关心的， 冷淡的；偶然的；随便的,,,
cat,猫，猫科，猫皮,,,
catalog,将…编入目录， 将编目；目录，目录册；目录，目录册；一系列,,,
catalogue,为…编目录，把…列入目录中；把……编入目录；目录,,,
catch,捉住；赶上；领会,,,
category,种类， 类， 类别,,,
cater,迎合,,,
cathedral,总教堂；大教堂,,,
cattle,牛； 牲口， 家畜；牛；牲口，家畜,,,
cause,原因，理由；事业,,,
caution,小心，谨慎,,,
cautious,十分小心的， 谨慎的；谨慎的,,,
cave,山洞，洞穴，窑洞,,,
cease,停止， 终止；停止，停息,,,
ceiling,天花板，顶蓬,,,
celebrate,庆祝；歌颂，赞美,,,
cell,细胞；小房间,,,
cellar,地窑，地下室,,,
cement,水泥，胶泥；水泥；胶泥；粘结；黏结； 巩固， 使团结,,,
cent,分；分币；百,,,
center,圆心， 正中； 中心,,,
centigrade,百分度的；百分度的； 摄氏的,,,
centimetre,公分， 厘米；公分，厘米,,,
central,中心的；主要的,,,
centre,中心；中枢；集中,,,
century,世纪，百年,,,
ceremony,典礼， 仪式， 礼节；典礼，仪式；典礼，仪式；礼节,,,
certain,确实的；肯定的,,,
certainly,一定，必定；当然,,,
certainty,必然；肯定,,,
certificate,证书， 证件， 执照；证书，证件，执照,,,
chain,链，链条，项圈,,,
chair,椅子；主席,,,
chairman,主席；议长，会长,,,
chalk,白垩；粉笔,,,
challenge,反对， 公然反抗； 向…挑战； 对…质疑；挑战；要求，需要；挑战；质疑；挑战；邀请比赛；艰巨的任务；怀疑，质问,,,
chamber,会议室， 会所； 房间； 腔， 室；会议室；房间；腔,,,
champion,冠军， 得胜者； 捍卫者， 拥护者；冠军，得胜者,,,
chance,机会，机遇；可能性,,,
change,改变，变化；零钱,,,
channel,海峡， 水道， 航道； 渠道， 途径； 频道；海峡；渠道；频道,,,
chaos,混乱， 紊乱,,,
chap,小伙子， 男人， 家伙；小伙子，小家伙，家伙,,,
chapter,章， 回， 篇；章，回，篇,,,
character,性格， 特性； 性质； 人物， 角色； 符号； 字；性格；特性；角色；角色,,,
characteristic,特性；特有的；特有的，典型的；特点,,,
characterize,以……特点；成为…的特征， 以…为特征； 描绘的特性， 描述,,,
charge,索价；控告；索价；控告；充电，充满；向前冲；费用；费用； 管理； 控告， 指责； 电荷， 充电,,,
charity,慈善（行为）；救济金， 施舍物； 慈善团体， 慈善事业； 宽大， 宽容；施舍；慈善事业,,,
charm,吸引， 迷住；迷人的特性，魅力；符咒，咒文,,,
charming,迷人的，可爱的,,,
chart,图表；航海图；图，图表；海图；用图表表示， 在图上表示,,,
charter,包租的， 租用的；包，租；宪章，共同纲领；特许状，许可证；包租,,,
chase,追逐， 追赶； 追求；追逐，追赶，追求,,,
chat,聊天,,,
cheap,廉价的；劣质的,,,
cheat,欺骗, 作弊；欺骗， 欺骗行为； 骗子；欺骗；作弊；哄，行骗；行骗；骗取；哄,,,
check,检查；检查；制止,,,
cheek,脸颊；面颊，脸蛋,,,
cheer,使振作；欢呼,,,
cheerful,快乐的， 愉快的； 使人感到愉快的；快乐的，愉快的,,,
cheese,奶酪，干酪,,,
chef,厨师,,,
chemical,化学制品；化学的；化学的 n. 化学制品,,,
chemist,化学家， 药剂师；化学家；药剂师,,,
chemistry,化学,,,
cheque,支票,,,
cherish,珍爱； 怀有,,,
cherry,樱桃；樱桃树,,,
chess,棋；国际象棋,,,
chest,胸腔， 胸膛； 箱子；胸腔，胸膛；箱子,,,
chew,咀嚼， 嚼碎；咀嚼，嚼碎,,,
chicken,小鸡，小鸟；鸡肉,,,
chief,主要的，为首的；总的；主要的；首席的；首领， 长官； 酋长， 族长,,,
child,小孩，儿童；儿子,,,
childhood,童年， 幼年， 早期；童年，幼年；早期,,,
childish,孩子的；幼稚的,,,
chill,使变冷；变冷，感到冷；寒冷；寒冷， 寒气； 风寒， 寒战,,,
chimney,烟囱，烟筒；玻璃罩,,,
chin,颏， 下巴；颏，下巴,,,
chip,屑片， 碎片； 炸土豆条； 集成电路片， 集成块； 缺口， 瑕疵,,,
chocolate,巧克力；巧克力糖,,,
choice,选择，抉择,,,
choke,使窒息；使窒息； 塞满， 塞住；使窒息；塞满,,,
choose,选择，挑选；情愿,,,
chop,排骨；砍；砍，劈；切细,,,
church,教堂，礼拜堂；教会,,,
cigar,雪茄烟,,,
cigaret,香烟，纸烟，卷烟,,,
cigarette,香烟， 纸烟， 卷烟,,,
cinema,电影院；电影，影片,,,
circle,圆，圆周；圈子,,,
circuit,电路， 线路； 环行， 巡行；电路；环行；巡行,,,
circular,圆的；循环的；圆的；循环的；兜圈子的；通知， 通告,,,
circulate,使循环；循环；循环， 流通； 流传， 散布， 传播,,,
circulation,循环； 流传； 发行， 流通,,,
circumference,圆周，周长，圆周线,,,
circumstance,情况， 条件； 境遇， 境况； 经济情况；情况，条件；境遇；环境，境遇,,,
cite,引用；引用， 引证； 传唤， 传讯； 表彰， 嘉奖,,,
citizen,公民；公民；市民，居民,,,
city,城市，都市,,,
civil,公民的； 文职的； 民用的； 民事的， 民法的； 文明的；公民的；文职的,,,
civilian,平民， 百姓；平民，百姓,,,
civilization,文明；文明， 文化； 开化；文明，文化；开化,,,
civilize,使文明， 使开化， 教育；使文明；教育,,,
civilized,文明的,,,
claim,声称，主张；对…提出要求，索取；以…为其成果；需要，值得；声称，主张；索取；要求， 认领， 索赔； 声称； 断言,,,
clap,拍手；拍手， 鼓掌；拍手，轻拍；拍，轻拍,,,
clarify,澄清， 阐明；澄清，阐明,,,
clash,冲突； 不协调； 刺耳的撞击声；发生冲突；不协调；砰地相撞，发出刺耳的撞击声,,,
clasp,扣子，钩子；别针,,,
class,班，班级；阶级,,,
classic,文学名著， 经典作品， 杰作； 优秀的典范； 古典文学， 古典语文研究；最优秀的，典型的，标准的；传统式样的，典雅的,,,
classical,古典的， 经典的；古典的；经典的,,,
classification,分类， 分级， 分类法； 类别， 级别；分类，级别；分类；分级；分类法,,,
classify,把…分类；把…分类， 把…分级；把…分类，把…分级,,,
classmate,同班同学,,,
classroom,教室，课堂,,,
clause,条款； 从句， 分句,,,
claw,抓， 撕；爪，脚爪，螯,,,
clay,粘土，泥土；肉体；黏土， 泥土； 肉体,,,
clean,清洁的；纯洁的,,,
clear,清晰的；清除,,,
clearly,明白地，清晰地,,,
clerk,店员， 办事员， 职员；店员；办事员，职员,,,
clever,聪明的；机敏的,,,
click,发出咔嗒声；点击；咔嗒声,,,
client,委托人， 当事人， 顾客；客户,,,
cliff,悬崖， 峭壁；悬崖，峭壁,,,
climate,气候； 风土， 地带； 风气， 气氛；气候；风土，地带,,,
climb,攀登，爬；爬,,,
clinic,诊所,,,
cloak,斗篷；覆盖(物),,,
clock,钟，仪表,,,
close,关，闭；结束,,,
closely,紧密地，接近地,,,
cloth,布；衣料；桌布,,,
clothe,给…穿衣服,,,
clothes,衣服，服装；被褥,,,
clothing,衣服，被褥,,,
cloud,云；云状物；阴影,,,
cloudy,多云的；云一般的,,,
club,俱乐部，夜总会,,,
clue,线索；线索， 暗示， 提示；线索，暗示，提示,,,
clumsy,笨拙的， 愚笨的； 粗陋的； 不得体的；笨拙的，不圆滑的；笨拙的；愚笨的,,,
coach,教练；训练， 指导， 辅导；长途公共汽车；长途公共汽车；教练，指导；旅客车厢,,,
coal,煤，煤块,,,
coarse,粗的， 粗糙的； 粗劣的； 粗俗的；粗的，粗糙的,,,
coast,海岸，海滨(地区),,,
coat,外套，上衣；表皮,,,
cock,公鸡；雄禽；旋塞,,,
code,代码，密码；准则；法典；代码,,,
coffee,咖啡，咖啡茶,,,
coil,(一)卷；线圈；卷；卷，圈；线圈,,,
coin,硬币；铸造(硬币),,,
cold,冷；冷的；冷淡的,,,
collaborative,合作的， 协作的， 协力完成的,,,
collapse,倒坍；塌下；倒坍；崩溃，瓦解；突然失败；突然瓦解,,,
collar,衣领，项圈,,,
colleague,同事；同事， 同僚；同事，同僚,,,
collect,收款；收集,,,
collection,搜集， 聚集， 积聚； 收集， 收取； 收藏品， 收集的东西；搜集，收集；收藏品,,,
collective,团体， 集体；集体的，集合性的；集体的；集合性的,,,
college,学院；大学,,,
collision,撞击；冲突；碰撞； 冲突， 抵触；碰撞；冲突,,,
colonel,陆军上校；中校,,,
colony,殖民地； 侨居地， 聚居地； 群体， 集群；殖民地；侨居地,,,
color,颜色，彩色；颜料,,,
column,专栏；柱， 支柱， 圆柱； 纵队； 栏， 专栏；柱，支柱，圆柱,,,
comb,梳子；梳子；鸡冠，冠状物；梳理；梳理； 在…搜寻； 彻底搜查,,,
combat,与…斗争， 与…战斗；战争，斗争，格斗,,,
combination,结合， 联合； 化合；结合，联合；化合；联合，结合,,,
combine,使结合；兼有；结合， 联合； 化合；联合企业； 联合收割机；联合，结合,,,
come,来，来到；出现,,,
comedy,喜剧， 喜剧性,,,
comfort,安慰；舒适；安慰,,,
comfortable,舒适的，安慰的,,,
command,命令， 指挥， 控制；命令，指挥；控制,,,
commander,司令官， 指挥员；司令官，指挥员,,,
commencement,毕业典礼,,,
comment,评论；评论，意见，注释；闲话，议论；评论，意见；注释,,,
commerce,商业， 贸易； 社交；商业，贸易；社交,,,
commercial,商业的， 商务的； 商品化的， 商业性的；商业的；商品化的,,,
commission,委任状；委员会；委任状；委员会；佣金，回扣；授权，委托；委任， 委托,,,
commit,犯(错误);干(坏事)；犯罪，承担义务；犯， 干； 使承诺； 把…托付给； 调拨…供使用， 拨出,,,
commitment,承诺， 许诺， 保证； 信奉， 献身； 承担的义务；承诺，保证,,,
committee,委员会；委员会， 全体委员；委员会；全体委员,,,
common,普通的；共同的,,,
commonly,普通地，一般地,,,
communicate,通讯； 交际， 交流； 连接， 相通； 传达， 传播； 传染；通讯；传达；传播,,,
communication,通讯， 交流， 交际； 通信工具， 交通联系；通讯；传达；交通,,,
communism,共产主义,,,
communist,共产党员,,,
community,社区， 社会， 公社； 团体， 界； 群落；社区；社会；公社,,,
companion,同伴， 共事者； 伴侣；同伴；共事者；伴侣,,,
company,公司，商号；同伴,,,
comparable,可比较的； 类似的； 比得上的,,,
comparative,比较的， 相对的；比较的，相对的,,,
compare,比较， 对照； 把…比作；比较，对照；比较，对照；比作,,,
comparison,比较， 对照； 比拟， 比喻；比较，对照；比似,,,
compass,罗盘， 指南针； 圆规； 界限， 范围；罗盘，指南针；圆规,,,
compassion,同情， 怜悯,,,
compel,强迫；强迫， 迫使屈服；强迫，迫使屈服,,,
compensate,弥补，补偿,,,
compensation,弥补，补偿；补偿， 赔偿,,,
compete,比赛， 竞争， 对抗；比赛；竞争；对抗；竞争,,,
competent,有能力的， 能胜任的；有能力的；应该做的；胜任的，有能力的,,,
competition,竞争， 比赛；竞争，比赛,,,
competitive,竞争的， 比赛的； 好竞争的， 求胜心切的； 有竞争力的,,,
competitiveness,竞争力,,,
competitor,竞争者，对手,,,
compile,编辑，编制，搜集,,,
complacency,自满，满足,,,
complain,抱怨；抱怨， 诉苦； 控告， 投诉；抱怨，拆苦；控告,,,
complaint,抱怨; 投诉；抱怨， 怨言； 控告；抱怨；怨言；控告,,,
complement,补充,,,
complete,完成；完整的，彻底的；完整的；完成的,,,
completely,十分，完全地,,,
complex,复杂的；由许多部分组成的， 复合的； 复杂的， 难懂的；结合的；复杂的,,,
complicate,使复杂；使陷入,,,
complicated,复杂的， 难懂的；复杂的，难懂的,,,
comply,遵从,,,
component,成分；组成的， 构成的；组成部分，部件，组件；组成部分；分；组件,,,
compose,组成， 构成； 创作， 为…谱曲； 使平静， 使镇静；组成，构成；创作,,,
composition,构成；作品；写作,,,
compound,使恶化， 加重； 使化合， 使合成；化合物，复合物；复合词；化合物；复合词；复合的， 化合的,,,
comprehension,理解， 理解力， 领悟； 理解力测验；理解，理解力；领悟,,,
comprehensive,广泛的， 综合的； 理解的；广泛的；理解的；综合的，全面的,,,
compress,压紧， 压缩；压紧，压缩,,,
comprise,包含， 包括， 构成；包含，包括；构成,,,
compromise,妥协，和解；妥协，和解，折中办法；妥协； 危及； 放弃,,,
compute,计算，估计，估算,,,
computer,计算机，电脑,,,
comrade,同志，亲密的同伴,,,
conceal,把…隐藏起来；把…隐藏起来， 掩盖， 隐瞒,,,
concede,承认， 承认…为真； 承认失败； 允许， 让予； 让步， 认输,,,
concentrate,全神贯注，全力以赴；集中，聚集；浓缩；浓缩物， 浓缩液；集中；聚集；浓缩,,,
concentration,集中；集中； 专注， 专心； 浓缩， 浓度；集中；专注；浓缩,,,
concept,概念， 观念， 设想；概念，观念，设想；观点，观念,,,
concern,关切的事，有关的事；关心，挂念；关系，关联；公司，企业；关心，挂念；关系；涉及， 有关； 使关心， 使担心；涉及，关系到,,,
concerning,关于,,,
concert,音乐会，演奏会,,,
concession,让步， 妥协； 特许， 特许权； 承认， 认可,,,
conclude,推断出， 推论出； 结束， 终了； 缔结， 议定；推断出；结束,,,
conclusion,结论；结论， 推论； 结尾； 缔结， 议定；结论，推论；结尾,,,
concrete,具体的；实在的， 具体的；混凝土；具体物,,,
condemn,谴责， 指责； 判…刑， 宣告…有罪；谴责，指责；判刑,,,
condense,冷凝， 凝结； 浓缩， 压缩， 简缩；压缩，使缩短,,,
condition,状况， 状态； 环境；状况，状态；环境,,,
conduct,举止， 行为； 指导； 管理； 实施；举止，行为；指导；进行； 管理， 指挥， 引导； 传输， 传导,,,
conductor,售票员， 列车长； 指挥； 导体；售票员；(乐队)指挥,,,
conference,会议， 讨论会； 讨论， 商谈；会议，讨论会,,,
confess,供认， 坦白； 承认；供认，承认；坦白,,,
confidence,信任， 信赖； 信心， 自信；信任；信赖；信心；信心,,,
confident,确信的， 肯定的； 自信的；确信的，自信的,,,
confidential,秘密的， 机密的； 亲信的,,,
confine,限制， 使局限； 使不外出， 禁闭；限制；禁闭,,,
confirm,确认；证实；批准；证实， 肯定； 确认； 批准；证实，肯定；批准,,,
conflict,争论；冲突；斗争；冲突；冲突， 抵触；冲突， 抵触， 争论； 战斗， 战争,,,
conform,相一致，遵守,,,
confront,迎面遇到， 遭遇； 勇敢地面对， 正视； 使对质， 使当面对证；面对,,,
confrontation,冲突，对抗,,,
confuse,使困惑， 把…弄糊涂； 混淆， 把…混同； 混乱， 搞乱；使混乱，混淆；使混淆，迷惑,,,
confusion,困惑， 糊涂； 混淆； 骚乱；混乱；骚乱；混淆,,,
congratulate,祝贺， 向…道喜；祝贺，向…道喜,,,
congratulation,祝贺；祝贺词；贺词； 祝贺， 恭喜,,,
congress,代表大会； [C-]国会， 议会；大会；国会，议会,,,
conjunction,接合， 连接， 联合； 连词；接合，连接；连接词,,,
connect,连接， 结合， 联系； 给…接通电话；连接，连结；联系,,,
connection,联系， 关系； 连接， 衔接； 连贯性； 熟人， 关系；连接，联系；连贯性,,,
connectivity,连接，联系,,,
connexion,connection的英式拼法,,,
conquer,征服， 战胜； 破除， 克服；征服，战胜；破除,,,
conquest,攻取， 征服， 克服；攻取，征服；克服,,,
conscience,良心；良心， 道德心；良心，道德心,,,
conscious,意识到的， 自觉的； 神志清醒的； 有意的， 存心的；意识到的；有意的,,,
consciousness,意识；意识，觉悟；知觉,,,
consensus,一致意见,,,
consent,允许，同意；同意；同意，一致；同意，赞成,,,
consequence,结果， 后果； 重要， 重大；结果，后果；结果，成果,,,
consequently,因此， 因而， 所以；因此，因而，所以；结果,,,
conservation,保存，保护；守恒；保存； 保护； 守恒；保护，保存,,,
conservative,保守的；保守的人；保守的，传统的；保守的，守旧的；不时兴的，传统的,,,
consider,认为；考虑；关心,,,
considerable,相当大(或多)的；相当大的； 重要的；相当大的；重要的,,,
considerably,相当地，非常地,,,
considerate,体贴的；考虑周到的；考虑周到的， 体贴的， 体谅的；考虑周到的；体谅的,,,
consideration,考虑， 思考， 要考虑的事； 体贴， 关心；考虑，思考；体贴,,,
considering,鉴于， 考虑到， 顾及,,,
consist,由……组成；由…组成； 在于； 一致；由…组成；在于,,,
consistent,一致的；坚持的， 一贯的； 一致的， 符合的；坚持的，一贯的,,,
conspicuous,显著地,,,
constant,不断的，持续的；常数， 恒量；经常的，不断的，连续发生的；永恒的；忠实的，忠诚的；经常的；永恒的,,,
constantly,不断地，时常地,,,
constitute,组成；组成， 形成； 设立； 任命,,,
constitution,宪法， 章程； 组成； 设立；章程；体质；构造,,,
construct,建筑物； 构想， 观念；建造； 构思；建造；建设；构筑,,,
construction,建筑；建造； 建筑物； 结构；建造；建筑；建筑物,,,
constructive,建设的，建设性的,,,
consult,咨询；请教，查阅；请教； 查阅； 商议,,,
consultancy,咨询公司,,,
consultant,顾问；顾问； 会诊医师， 专科医生,,,
consume,消耗，消费；消灭；消费， 吃完， 喝光； 毁灭； 使着迷， 充满；消费，消耗,,,
consumer,消费者， 用户， 消耗者,,,
consumption,消耗量；消耗；消耗， 消费；消费，消耗,,,
contact,与…接触， 与…取得联系；使接触；与…联系；接触；联系，交往；联系，接触,,,
contain,包含，容纳；等于,,,
container,容器； 集装箱；容器；集装箱,,,
contaminate,污染，弄脏,,,
contemporary,同代人， 当代人；当代的，同时代的；当代的，现代的；当代的；同时代的,,,
contempt,轻蔑；藐视；受辱,,,
content,内容；满意的，满足的,,,
contest,争夺， 与…竞争； 对…提出质疑， 辩驳；争夺，争取；辩驳；比赛；竞赛， 争夺,,,
context,背景，环境,,,
continent,大陆；陆地；洲,,,
continual,不断的；连续的；连续的； 频频的,,,
continue,继续，连续；延伸,,,
continuous,连续不断的，持续的；连续不断的； 延伸的,,,
contract,合同；契约， 合同；契约，合同；婚约；缩小； 订合同； 感染， 染上,,,
contradiction,矛盾， 不一致； 否认， 反驳；矛盾，不一致；否认,,,
contrary,相反；相反的,,,
contrast,对比；对比， 对照； 反差；对比，反差；对比，对照；对比，对照，悬殊；形成对比， 对比之下显出区别,,,
contribute,捐款，贡献；捐献， 捐款； 投稿；捐献，捐助；投稿,,,
contribution,贡献， 促成作用； 捐款， 捐献物； 稿件；贡献；捐献,,,
control,控制；控制，克制,,,
controversial,引起争论的， 有争议的,,,
controversy,争论， 辩论,,,
convenience,便利，方便；厕所；方便； 便利设施,,,
convenient,便利的；近便的；方便的,,,
convention,习俗， 惯例； 公约； 会议；习俗，惯例；公约,,,
conventional,传统的；普通的； 习惯的， 常规的； 因循守旧的；普通的；习惯的,,,
conversation,会话，非正式会谈,,,
conversely,相反；相反地,,,
conversion,转变，转化；改变,,,
convert,使转变；使改变；转变， 转化； 改变,,,
convey,传达，传递；传送；运送；传播；表达， 传递； 运送， 输送,,,
convict,囚犯；证明…有罪；证明…有罪， 宣判…有罪,,,
conviction,确信； 坚定的信仰； 说服， 信服； 定罪， 判罪,,,
convince,使相信；使确信， 使信服， 说服；使确信，使信服,,,
convincing,令人信服的,,,
cook,烧菜；烹调，煮,,,
cool,凉的，冷静的,,,
cooperate,合作， 协作； 配合；合作，协作；配合,,,
cooperative,合作的,,,
coordinate,使协调，调节；协调， 调节；同等的， 并列的；坐标,,,
coordination,同等； 调和,,,
cop,警察,,,
cope,对付，应付；应付， 处理,,,
copper,铜； 铜币， 铜制器；铜；铜币，铜制器,,,
copy,抄件；抄写，复制,,,
copyright,版权,,,
cord,细绳， 粗线， 索； 灯芯绒裤；细绳，粗线，索,,,
cordial,真诚的，诚恳的,,,
core,果实的心，核心；果实的心； 核心， 要点,,,
corn,谷物；(英)小麦,,,
corner,角；犄角；边远地区,,,
corporate,法人的；团体的；社团的,,,
corporation,公司， 企业， 社团；公司，企业；社团,,,
correct,正确的；纠正,,,
correction,改正，纠正，修改,,,
correspond,相符合， 相当； 通信；相符合；相当,,,
correspondence,信件， 函件； 通信， 通信联系； 符合， 一致， 相似,,,
correspondent,通信者；通讯员；通讯员， 记者,,,
corresponding,相应的， 符合的；相应的；符合的,,,
corridor,走廊， 回廊， 通路；走廊，回廊，通路,,,
cost,价格，代价；成本,,,
costly,昂贵的， 价值高的；昂贵的；价值高的,,,
cottage,村舍，小屋,,,
cotton,棉；棉线；棉布,,,
cough,咳嗽；咳，咳嗽,,,
could,v(can的过去式),,,
council,理事会， 委员会；理事会，委员会；议会,,,
counsel,劝告， 提议；律师，法律顾问；忠告，劝告；忠告，建议,,,
counseling,咨询服务,,,
count,数，计数；计算,,,
counter,柜台； 计数器； 筹码；柜台；计数器,,,
country,国家，国土；农村,,,
countryside,乡下，农村,,,
county,英国的郡，美国的县；郡， 县,,,
couple,夫妇；(一)对；几个；夫妻，情侣,,,
coupon,礼券， 优惠券， 配给券； 联票； 票证,,,
courage,勇气，胆量，胆识,,,
courageous,有勇气的,,,
course,课程；过程；一道菜,,,
court,法院， 法庭； 庭院； 宫廷； 球场；法院，法庭；庭院,,,
courtyard,庭院， 院子,,,
cousin,堂(或表)兄弟(姐妹),,,
cover,盖子；盖，包括,,,
cow,母牛，奶牛；母兽,,,
coward,懦夫；胆怯者,,,
cozy,舒适的,,,
crack,爆裂；爆裂； 噼啪地响； 打， 击；裂缝，裂纹；裂缝，裂纹；破裂声,,,
craft,工艺， 手艺； 船， 航空器；工艺；手艺，行业,,,
crane,起重机， 摄影升降机； 鹤；起重机，摄影升降机,,,
crash,发出撞击声；垮台，破产；冲，闯；坠落;坠毁;撞击；碰撞；碰撞，坠落；碰撞； 破裂声；碰撞；坠落,,,
crawl,爬， 爬行； 缓慢地行进；爬，爬行,,,
crazy,疯狂的，荒唐的,,,
cream,奶油，乳脂；奶油色,,,
create,创造； 引起， 产生；创造；引起，产生,,,
creative,创造性的， 创作的；创造性的，创作的,,,
creativity,创造力,,,
creature,创造物， 产物； 生物， 动物， 家畜；生物，动物，家畜,,,
credit,信用贷款；信用；信贷，赊欠；赞扬，荣誉；学分；信任；相信； 把…记入贷方； 把…归于,,,
creep,爬行， 缓慢地行进；爬行；缓慢地行进,,,
crew,全体船员；全体船员； 一队工作人员,,,
cricket,板球；蟋蟀,,,
crime,罪， 罪行， 犯罪；罪，罪行；犯罪,,,
criminal,犯人，罪犯，刑事犯；犯罪的， 刑事的,,,
criminology,犯罪学， 刑事学,,,
cripple,使跛； 使残疾；跛子；残废的人；跛子；残疾人,,,
crisis,危机；危机， 存亡之际； 关键阶段；危机；存亡之际,,,
critic,批评家， 爱挑剔的人；批评家，爱挑剔的人；批评家，评论家,,,
critical,决定性的； 批评的；决定性的；批评的；批评的，爱挑剔的,,,
criticism,批评；批评， 批判； 评论， 评论文章；批评；批判；评论,,,
criticize,批评； 评论； 非难；批评；评论；批评；评论；非难,,,
crop,农作物，庄稼；一熟,,,
cross,穿过；使交叉,,,
crossing,人行横道， 交叉口； 横渡,,,
crow,啼；鸦，乌鸦,,,
crowd,群，一批；群；大众；一伙人；聚集； 挤满； 挤； 推,,,
crown,王冠， 冕；王冠，冕；花冠,,,
crucial,至关重要的；至关重要的， 决定性的,,,
crude,简陋的， 天然的； 粗鲁的， 粗俗的；简陋的；天然的,,,
cruel,残忍的，残酷的,,,
cruelty,残暴，残酷,,,
cruise,航游， 游弋；航游，巡航；缓慢巡行,,,
crush,压碎， 碾碎； 摧毁， 压垮；压碎，碾碎；镇压,,,
crust,面包皮， 硬外皮； 外壳， 地壳；面包皮；硬外皮,,,
cry,哭，哭泣；叫喊,,,
crystal,水晶， 结晶体， 晶粒；水晶，结晶体；晶粒,,,
cube,清澈透明的；立方形，立方；立方形；立方,,,
cubic,立方形的；立方的,,,
cucumber,黄瓜,,,
cue,提示； 暗示；暗示，信号；提示,,,
cultivate,培养；耕作， 种植； 培养， 陶冶；耕；种植；培养,,,
culture,文化， 文明； 教养； 培养； 培养菌；文化，文明；教养,,,
cunning,狡猾的，狡诈的,,,
cup,杯子；(一)杯；奖杯,,,
cupboard,柜橱；  碗碟橱， 食橱；碗柜，碗碟橱；食橱,,,
curb,控制,,,
cure,医治；消除；治愈,,,
curiosity,好奇心；好奇， 好奇心； 奇物， 奇事， 珍品；好奇，好奇心；珍品,,,
curious,好奇的；好奇的； 奇怪的；好奇的；稀奇古怪的,,,
curl,卷曲；卷毛；螺旋；鬈发； 卷曲， 卷曲物,,,
currency,通货， 货币； 通行， 流行,,,
current,当前的；当前的， 通用的； 流行的， 流传的；当前的；通用的,,,
currently,当前；一般地,,,
curriculum,课程， 全部课程,,,
curse,天谴； 祸害， 祸根；诅咒，咒骂；诅咒，咒骂；天谴,,,
curtain,帘，窗帘；幕(布)；门帘， 窗帘； 幕,,,
curve,弄弯；弯曲；曲线，弯，弯曲处；曲线；弯,,,
cushion,垫子， 坐垫， 靠垫；垫子，坐垫，靠垫,,,
custom,习惯，风俗；海关,,,
customer,顾客，主顾,,,
cut,切，割，剪；减少,,,
cycle,n自行车，循环；循环（周期）；骑自行车,,,
daily,日报；每日的,,,
dairy,乳制品的；牛奶场；乳制品,,,
dam,水坝，水堤；障碍物；筑堤挡住,,,
damage,损害；损害，毁坏,,,
damn,该死的〔表示对某人或某事物生气〕；该死，见鬼〔表示很生气或失望〕；非常，很,,,
damp,使潮湿； 使沮丧； 抑制；潮湿的，微湿的；潮湿的，有湿气的；潮湿，湿气,,,
dampen,抑制,,,
dance,舞；跳舞；摇晃,,,
danger,危险；危险事物,,,
dangerous,危险的，不安全的,,,
dare,v敢；竟敢,,,
daring,大胆的，勇敢的,,,
dark,暗的；黑色的,,,
darling,亲爱的人；宠儿,,,
dash,使猛撞，飞奔；溅；使猛撞；溅；猛冲；猛冲，击碎；猛冲； 破折号,,,
data,数据;；资料；资料，数据,,,
date,日期；注…日期,,,
daughter,女儿,,,
dawn,破晓；黎明；开端,,,
day,(一)天，白昼，白天,,,
daylight,白昼， 日光， 黎明；白昼，日光；黎明,,,
dead,死的，无生命的,,,
deadline,最后期限,,,
deadly,致命的，死一般的,,,
deaf,聋的； 不愿听的；聋的；不愿听的,,,
deal,买卖；待遇；给予,,,
dear,亲爱的；啊,,,
death,死，死亡；灭亡,,,
debate,争论， 辩论；争论，辩论,,,
debt,债务；债， 债务， 欠债；债，债务，欠债,,,
decade,十年， 十年期；十年，十年期,,,
decay,腐烂；腐烂；衰败,,,
deceit,欺骗，欺诈,,,
deceive,欺骗， 蒙蔽， 行骗；欺骗，蒙蔽，行骗,,,
decent,像样的， 过得去的， 体面的； 宽厚的， 大方的； 正派的； 合乎礼仪的， 得体的；正派的，体面的；正派的；体面的,,,
deception,欺骗； 诡计， 骗局,,,
decide,决定，决心；解决,,,
decision,决定，决心；果断,,,
deck,甲板， 舱面； 层面；甲板；舱面；层面,,,
declaration,宣布， 宣告； 宣言， 声明； 申报,,,
declare,断言；声明；表明,,,
decline,下降， 减少； 衰退， 衰落； 谢绝， 拒绝；下降，减少；拒绝；下降，减少；衰退,,,
decorate,装饰；装饰， 装潢， 修饰；装饰，装璜，修饰,,,
decrease,减少；减少，减少,,,
deduce,演绎，推论，推断,,,
deed,行为；功绩；契约,,,
deep,深的；纵深的,,,
deepen,使加深，加剧；加深；深化,,,
deer,鹿,,,
defeat,战胜， 挫败；战胜，击败；挫败,,,
defect,变节， 叛变；缺点， 缺陷， 欠缺；缺点，缺陷，欠缺,,,
defence,防御；防务；辩护,,,
defend,保卫，防守,,,
define,下定义，确定；给…下定义， 限定；给…下定义；限定,,,
definite,明确的， 肯定的；明确的；肯定的,,,
definitely,一定地， 明确地；一定地，明确地,,,
definition,定义；定义， 释义， 定界； 清晰， 鲜明；定义，释义；定界,,,
degree,程度；程度；度；学位,,,
delay,推迟，延期；推迟；耽搁；延误,,,
delegate,代表， 代表团成员；委派…为代表； 授 ， 把…委托给,,,
delegation,代表团,,,
delete,删除， 擦掉；删除；擦掉,,,
deliberate,仔细考虑， 思考；故意的；故意的， 蓄意的； 慎重的， 深思熟虑的,,,
delicate,纤细的， 易碎的； 微妙的； 精美的；纤细的；易碎的,,,
delicious,美味的，怡人的；美味的； 芬芳的， 怡人的； 有趣的,,,
delight,使高兴；快乐；高兴,,,
delightful,高兴的,,,
deliver,发表；投递，送交；发表,,,
delivery,投递， 交付； 分娩； 讲话方式； 投递的邮件；投递；交付；分娩,,,
demand,要求， 需要； 查问；要求；需要；询问；需求，要求,,,
democracy,民主， 民主制； 民主国家；民主，民主制,,,
democratic,民主的；民主的， 民主政体的；民主的，民主政体的,,,
demonstrate,证明；展示；说明； 论证； 表露；说明；论证；表露,,,
dense,密集的， 浓厚的； 密度大的；密集的；浓厚的,,,
density,密度；密集， 稠密； 密度；密集，稠密；密度,,,
dental,牙齿的， 牙科的,,,
deny,否定， 否认； 拒绝…的要求；否定；拒绝相信,,,
depart,离开， 起程， 出发；离开，起程；出发,,,
department,部门；部，司，局，处，系,,,
departure,离开， 起程， 出发； 背离， 违背；离开，出发，起程,,,
depend,依靠，依赖；相信,,,
dependent,依靠的， 依赖的； 取决于…的；依靠的，依赖的,,,
deposit,使沉淀；存放；使沉淀；存放，储蓄；定金， 押金； 存款； 矿藏,,,
depress,使沮丧； 使不景气； 削弱， 抑制；使沮丧；按下,,,
depressed,沮丧的；萧条的,,,
depressing,令人沮丧的,,,
depression,抑郁， 沮丧； 不景气， 萧条； 洼地， 凹陷,,,
deprive,剥夺，夺去，使丧失,,,
depth,深度；深厚；深处,,,
deputy,副职， 副手； 代表， 代理人,,,
derive,取得；取得； 起源；得到，导出；起源,,,
descend,下来， 下降； 下倾；下来，下降；下倾,,,
describe,形容； 描写； 画出；形容；描写，描绘,,,
description,描写，形容；种类,,,
desert,抛弃；沙漠；离弃；擅离,,,
deserve,值得；应受， 值得；应受，值得,,,
design,设计；设计， 构想； 图样； 企图；设计；图样；设计；预定，指定,,,
desirable,值得向往的， 令人满意的；值得相望的；可取的,,,
desire,愿望；愿望； 欲望；渴望，欲望；渴望；要求；相望；要求,,,
desk,书桌，办公桌,,,
despair,绝望；绝望，感到无望,,,
desperate,拼死的， 不顾一切的； 绝望的； 极需要的；拼死的；绝望的,,,
despise,鄙视，蔑视,,,
despite,不管；不管， 不顾；不管，不顾,,,
dessert,甜点；甜食， 点心,,,
destination,目的地， 终点， 目标；目的地，终点；目标,,,
destroy,破坏；消灭；打破,,,
destruction,破坏；破坏， 毁灭， 消灭；破坏，毁灭，消灭,,,
detail,细节；细节，枝节；零件；细节；枝节；零件；详细说明,,,
detailed,细节的，详细的,,,
detect,察觉， 发觉； 侦查出；察觉，发觉；侦察；觉察;检测,,,
detection,侦查；察觉；察觉， 发觉； 侦查， 探测；察觉，发觉；侦察,,,
detective,侦探；侦探， 私人侦探,,,
determination,决心， 决定； 确定；决心；决定；确定；意志,,,
determine,决定；下决心；决定；查明；使下决心；决定；查明；决心；决意,,,
develop,发展；形成；开发,,,
development,发展；开发；生长,,,
developmental,发展的,,,
device,器械， 装置， 设备； 手段， 策略；器械，装置；设计；装置，设备,,,
devil,魔鬼， 恶魔； 家伙， 人；魔鬼，恶魔,,,
devise,设计， 发明；设计，发明,,,
devote,奉献，致力于；将…奉献给； 把…专用；将…奉献，致力于,,,
devotion,献身， 奉献； 忠实； 热爱； 虔诚,,,
dew,露，露水,,,
diagnose,诊断,,,
diagram,图解， 图表， 简图；图解，图表，简图,,,
dial,拨；钟面；拨号盘,,,
dialect,方言， 土语， 地方话；方言，土语，地方话,,,
dialog,对话，对白,,,
diameter,直径,,,
diamond,金钢石，钻石；菱形,,,
diary,日记，日记簿,,,
dictate,口授； 命令， 规定， 要求；口授；命令；命令， 指挥；命令，规定,,,
dictation,口授笔录，听写；口授； 听写,,,
dictator,独裁者；专制者,,,
dictionary,词典，字典,,,
die,死，死亡；灭亡,,,
differ,不同， 相异； 发生分歧；不同，相异,,,
difference,差别；差；分歧,,,
different,差异的；各种的,,,
difficult,困难的；难对付的,,,
difficulty,困难；难事；困境,,,
dig,掘，挖；采掘,,,
digest,文摘；文摘； 摘要；消化； 领会；消化；领会,,,
digital,数字的， 数位的；数字的，计数的,,,
dilemma,困境,,,
diligent,勤勉的，勤奋的；勤奋的,,,
dim,变暗淡；昏暗的；朦胧的；昏暗的；朦胧的；模糊不清的,,,
dimension,尺寸， 尺度； 方面， 特点； 面积， 规模；尺寸，尺度；面积,,,
dinner,正餐，主餐；宴会,,,
dip,浸一浸；浸，蘸；游一会儿泳；蘸，浸,,,
diploma,文凭,,,
diplomatic,外交的；外交的， 从事外交的； 策略的， 有手腕的,,,
direct,直接的；直率的,,,
direction,方向，方位；指导,,,
directly,直接地； 正好地， 截然； 立即；直接地；立即,,,
director,指导者；理事；导演,,,
dirt,尘，土；污物，污垢；灰尘， 土； 污物， 污垢,,,
dirty,脏的；下流的,,,
disable,使无能，使伤残,,,
disadvantage,不利情况，缺点；不利，不利地位,,,
disagree,有分歧；不一致,,,
disappear,不见， 失踪， 消失；不见，失踪；消失；不见，消失,,,
disappoint,使失望，使受挫折,,,
disappointing,令人失望的,,,
disaster,灾难， 灾祸， 天灾； 彻底的失败；灾难，灾祸；天灾,,,
discard,丢弃， 抛弃， 遗弃；丢弃，抛弃，遗弃,,,
discharge,释放；释放， 排出； 卸货；释放， 放电；释放；排出；释放；排出 解雇,,,
discipline,纪律；训练；纪律；训练；惩罚；学科；训练；训练； 惩罚， 处罚,,,
disclose,揭开，揭发；透露；揭示； 透露,,,
discount,将…打折扣； 不信； 漠视， 低估；折扣,,,
discourage,使气馁, 阻碍；使泄气， 使灰心； 阻止， 劝阻；使泄气，使灰心,,,
discover,发现；发现；暴露，显示,,,
discovery,发现；被发现的事物,,,
discrimination,区别， 辨别； 识别力； 差别对待， 歧视；歧视,,,
discuss,讨论，谈论；论述,,,
discussion,讨论，谈论；论述,,,
disease,病， 疾病； 不健全； 弊端；病，疾病；病害,,,
disguise,假扮，化装，伪装；掩盖，掩饰；假装；用来伪装的东西； 伪装， 掩饰；隐瞒，掩埋,,,
disgust,厌恶， 憎恶；厌恶，憎恶,,,
dish,碟，盘子；菜肴,,,
dishonest,不诚实的,,,
dishonour,不光彩；丢脸的人,,,
dishwasher,洗碗机,,,
disk,圆盘，唱片；磁盘,,,
dislike,不喜爱，厌恶,,,
dismiss,不再考虑； 解雇， 解散； 驳回；不再考虑；解雇,,,
disorder,混乱， 杂乱， 骚乱；混乱，杂乱；骚乱,,,
disorderly,杂乱的,,,
display,展览；陈列， 展览， 显示；陈列，展览；显示,,,
displease,使不愉快，使生气,,,
disposal,丢掉， 销毁； 处理； 排列， 布置；丢掉，处理，销毁,,,
dispose,去掉，丢掉；销毁；处理， 解决； 使倾向于,,,
dispute,争论；争论， 争执； 对…表示异议；争论，争执；辩论，争论,,,
dissatisfy,不满意；使不满，使不平,,,
disservice,伤害，帮倒忙,,,
dissolve,使溶解；解散；溶解； 解散； 消失， 减弱； 结束,,,
distance,距离；距离，间距；远处,,,
distant,在远处的，疏远的；遥远的,,,
distinct,与其他不同的； 清楚的， 明显的；与其它不同的；明显的；有区别的,,,
distinction,差别， 不同， 区分；差别，不同，区分,,,
distinctive,独特的，与众不同的,,,
distinguish,区别， 辨别， 识别； 使显出特色， 使杰出；区别，区分；区别，辨别，认别,,,
distinguished,显著的，杰出的,,,
distract,分心,,,
distracted,分心的,,,
distraction,分心的事； 心烦意乱； 精神错乱； 娱乐， 消遣；消遣；分心,,,
distress,使痛苦，悲痛；忧虑， 痛苦， 悲伤； 不幸；忧虑，悲伤；不幸,,,
distribute,分发；分发， 分送； 分布；分发，分送；分布,,,
distribution,分发， 分配； 分布；分发，分配；分布,,,
district,区；区；地区，区域,,,
disturb,打扰， 扰乱； 弄乱； 使不安；打扰，扰乱；弄乱,,,
ditch,沟， 沟渠， 渠道；沟，沟渠，渠道,,,
dive,跳水； 潜水；  俯冲；跳水；潜水；俯冲,,,
diverse,不一样的， 相异的； 多种多样的；不一样的，相异的；各种各样的,,,
diversity,多样性； 差异； 不同点；多样性；差异,,,
divide,分开；分歧； 分界线， 分水岭；分，分开；分配，分享；除；产生分歧；分；分配；分开,,,
divine,神圣的,,,
division,分， 分配； 除法； 分歧； 分裂；分，分配；除法；除法；部门,,,
divorce,离婚；离婚，离异；离婚； 分离， 脱离,,,
do,v；做，干，办,,,
dock,船坞；码头；船厂,,,
doctor,医生，医师；博士,,,
doctoral,博士的,,,
document,公文，文件；证件；文件；用文件等证明,,,
dog,狗，犬，犬科动物,,,
dollar,元(货币单位),,,
domestic,国内的；本国的； 家庭的； 驯养的；本国的；家庭的,,,
dominant,占优势的；占优势的， 支配的， 统治的； 居高临下的， 高耸的,,,
dominate,在…中占首要地位；支配，统治，控制；耸立于，俯视；拥有优势,,,
domination,主导,,,
donate,捐赠,,,
donation,捐款， 捐赠物； 捐赠， 赠送；捐赠,,,
donkey,驴； 笨蛋；驴；笨蛋,,,
door,门，通道；一家,,,
dorm,宿舍,,,
dormitory,宿舍；集体寝室， 宿舍；集体寝室；宿舍,,,
dose,剂量， 用量， 一剂；剂量，用量；一剂,,,
dot,打点于；点，圆点,,,
double,两倍的；双的,,,
doubt,怀疑；怀疑；疑虑,,,
doubtful,难以预测的； 怀疑的；难以预测的；怀疑的,,,
doubtless,无疑地；很可能,,,
down,向下，在下面,,,
downfall,（雨等的）大下特下,,,
download,下载,,,
downsize,裁员,,,
downstairs,在楼下；楼下的,,,
downward,向下地；向下的,,,
dozen,一打，十二个,,,
draft,草稿；汇票；草稿；汇票；征兵；通风；起草；起草； 征募,,,
drag,拖，拉；拖曳；拖，拉；迫使，硬拉；拖着脚步走；累赘； 一吸， 一抽,,,
dragon,龙；龙；凶暴的人,,,
drain,排去，放水；排去；放水；耗竭；耗竭； 排水沟， 排水管,,,
drama,一出戏剧，剧本；戏剧， 剧本； 戏剧性事件,,,
dramatic,引人注目的， 激动人心的； 突然的；引人注目的，戏剧的,,,
dramatically,戏剧性地，引人注目地,,,
draught,〔啤酒〕桶装的，散装的；穿堂风，冷风,,,
draw,画，划；拖；拨出,,,
drawer,抽屉,,,
drawing,图画，素描；绘图,,,
dread,惧怕；畏惧；恐怖,,,
dream,做梦；梦；梦想,,,
dress,女服，童装；服装,,,
drift,漂流；漂流，漂泊；漂流； 大意， 主旨； 趋势,,,
drill,钻头；操练；钻头；操练，训练；钻孔；钻， 打； 训练,,,
drink,喝；饮；饮料,,,
drip,水滴；水滴； 滴水声；滴下，漏水；滴下；漏水,,,
drive,驾驶；打入；驱,,,
driver,驾驶员，司机,,,
drop,使落下；降低,,,
dropout,辍学,,,
drought,旱灾，干旱,,,
drown,淹死，溺死,,,
drug,药，药物，药材,,,
drum,有节奏地敲击；鼓，鼓状物；圆桶；鼓；鼓状物，圆桶,,,
drunk,醉的； 陶醉的；醉的；陶醉的,,,
dry,干的，干燥的,,,
duck,鸭，雌鸭；鸭肉,,,
due,到期的；预期的；应给的,,,
dull,乏味的， 单调的； 晦暗的， 阴沉的； 低沉的； 笨的； 钝的；枯燥的；不鲜明的,,,
dumb,哑的； 无言的； 说不出话的；哑的；无言的,,,
dump,倾倒；倾销；倾卸，倾倒；倾销；垃圾场,,,
durability,持久,,,
durable,持久的，耐用的；耐久的， 耐用的；耐久的，耐用的,,,
duration,持续， 持久；持续，持久,,,
during,在…期间,,,
dusk,薄暮， 黄昏； 幽暗；薄暮，黄昏，幽暗,,,
dust,尘土，灰尘；灰尘,,,
duty,职责；责任；税,,,
dwelling,住处，寓所,,,
dye,染；染料； 染色；染料；染色,,,
dying,垂死的；临终的,,,
dynamic,动力； 动力学；有活力的；动力的；有活力的；动力的；不断变化的,,,
each,各；各，各自,,,
eager,渴望的，热切的,,,
eagle,鹰,,,
ear,耳朵；听力，听觉,,,
early,早；早的，早期的,,,
earn,赚得，挣得；获得,,,
earnest,认真的， 诚恳的；认真的，诚恳的,,,
earth,地球；陆地，地面,,,
earthquake,地震， 大震荡；地震；大震荡,,,
ease,容易，舒适；容易；舒适；缓和；轻松，舒适,,,
easily,容易地；舒适的,,,
east,东；东部；在东方,,,
eastern,东方的；朝东的,,,
easy,容易的；安逸的,,,
easygoing,脾气随和的，温和的,,,
eat,吃饭；吃，喝,,,
echo,回声，反响；回声；反响，共鸣；重复；重复， 模仿； 发出回声,,,
economic,经济学； 经济状况；经济的，经济学的,,,
economical,节约的； 经济学的；节约的；经济学的,,,
economy,经济； 节约， 节省；经济；节约，节省,,,
edge,边缘，边；刀口,,,
edition,版， 版本， 版次；版，版本，版次,,,
editor,编辑， 编者， 校订者；编辑，编者，校订者,,,
editorial,社论， 重要评论；编辑的，主笔的，编者的；社论的，社论式的,,,
educate,教育， 培养， 训练；教育；培养；训练,,,
education,教育；训导；教育学,,,
effect,影响；结果；效果，效力,,,
effective,有效的； 有影响的；有效的；有影响的,,,
efficiency,效率； 功效， 效能；效率；功效，效能,,,
efficient,效率高的，有能力的；效率高的； 有能力的,,,
efficiently,有效地,,,
effort,努力， 努力的成果；努力；努力的成果,,,
egg,蛋，鸡蛋，卵,,,
eight,八，八个，第八,,,
eighteen,十八，十八个,,,
eighth,八分之一；第八,,,
eighty,八十，八十个,,,
either,(两者)任何一个,,,
elaborate,复杂的； 精心制作的；复杂的；精心制作的；详述， 详细制订,,,
elastic,有弹性的；有弹性的， 灵活的；松紧带,,,
elbow,用肘部， 用肘挤；肘，肘部；肘，肘部；弯管,,,
elder,年龄较大的；长者,,,
elderly,到了晚年的人， 老年人；较老的，年长的,,,
elect,选举， 推选； 选择；选举，推选；选择,,,
election,选举，选择权；当选；选举； 选择权； 当选,,,
elective,选举的，有选举权的；可任意选择的；选修课程,,,
electric,电的， 电动的；电的，电动的,,,
electrical,电的， 电气科学的；电的，电气科学的,,,
electricity,电；电，电学；电流,,,
electron,电子,,,
electronic,电子学； 电子设备；电子的,,,
electronics,电子学,,,
elegant,优美的， 文雅的， 讲究的； 简练的， 简洁的；优雅的,,,
element,元素，要素；成分， 要素， 元素； 基础， 纲要； 自然力；成分；要素；元素,,,
elementary,基本的， 初级的；基本的；初级的,,,
elephant,象,,,
elevator,电梯， 升降机；电梯；升降机,,,
eleven,十一，十一个,,,
eleventh,第十一(个),,,
eliminate,消灭， 消除， 排除； 淘汰；消灭，消除，排除；消除,,,
elimination,消灭，排除，消除,,,
else,其它，另外；别的,,,
elsewhere,在别处， 向别处；在别处，向别处,,,
embarrass,使窘迫， 使为难；使窘迫，使为难；尴尬,,,
embarrassed,尴尬的；窘迫的,,,
embassy,大使馆； 大使馆全体成员,,,
embrace,拥抱，怀抱；拥抱； 包括； 包围；拥抱；包括；包围；拥抱；接受；采纳,,,
emerge,出现；出现， 涌现， 冒出；出现，涌现；冒出,,,
emergence,出现，发生,,,
emergency,紧急情况；紧急情况， 突然事件；紧急情况，突然事件,,,
emission,排放，辐射,,,
emit,发出，排出；散发； 发射； 发表；散发；发射；发表,,,
emotion,情感， 感情； 激动；情感，感情；激动,,,
emotional,情绪的；容易激动的；感动人的；感情的， 情绪的；感情的，情绪的,,,
emperor,皇帝,,,
emphasis,强调，重点，重要性；强调； 重点， 重要性,,,
emphasize,强调；强调， 着重；强调，着重,,,
empire,帝国,,,
employ,雇用；用；使忙于,,,
employee,受雇者， 雇员， 雇工；受雇者，雇员，雇工,,,
employer,雇佣者， 雇主；雇佣者，雇主,,,
employment,工业；雇用；使用；工作； 雇用； 使用,,,
empower,授权于； 使能够,,,
empty,空的；空洞的,,,
enable,使能够……；使能够， 使可能；使能够，使可能,,,
enclose,围住， 圈起； 附上； 把…装入信封；围住，圈起；附上,,,
encounter,遭遇；遭遇，遇到,,,
encourage,鼓励；鼓励， 怂恿； 促进， 助长， 激发；鼓励，支持，助长,,,
end,末端；目标；结束,,,
endanger,危及，危害，濒临危险,,,
ending,结尾， 结局； 死亡；结尾，结局；死亡,,,
endless,无止境的,,,
endurance,耐力,,,
endure,忍受， 容忍； 持久， 持续；忍受；容忍；忍耐；容忍,,,
enemy,敌人；仇敌；敌兵,,,
energetic,精力充沛的,,,
energy,活力；精力；能,,,
enforce,实施， 执行； 强制， 强迫， 迫使；实施，执行；强制,,,
engage,使从事于；聘用；使从事； 聘用； 吸引； 占用； 使订婚；忙于，从事；吸引,,,
engagement,约会,,,
engine,发动机，引擎；机车；引擎， 发动机； 机车；引擎，发动机,,,
engineer,工程师，技师,,,
engineering,工程， 工程学；工程，工程学,,,
enhance,提高， 增加， 加强；提高；加强；增加,,,
enjoy,享受；欣赏，喜爱,,,
enlarge,扩大， 扩展， 放大；扩大，扩展；放大,,,
enormous,巨大的；巨大的， 庞大的；巨大的，庞大的,,,
enough,足够地；足够的,,,
enquire,询问,,,
enquiry,询问,,,
enrich,丰富；使富有,,,
enroll,入学，加入；招收， 吸收；注册,,,
enrollment,入学人数,,,
ensure,保证； 保护；保证；保护；赋予；确保,,,
enter,走进，进入；参加,,,
entertain,使欢乐； 招待， 请客；使欢乐；招待,,,
entertaining,有趣的，使人愉快的,,,
entertainment,娱乐；娱乐， 文娱节目， 表演会； 招待， 款待， 请客,,,
enthusiasm,热情， 热心， 热忱； 巨大兴趣；热情，热心，热忱,,,
enthusiastic,热情的，热心的,,,
entire,全部的， 整个的；全部的，整个的,,,
entitle,使具有权利，使具有资格；给…权利(或资格)；给…权利； 给题名,,,
entrance,入口，门口；进入,,,
entry,入口处； 登记； 进入； 参赛者名单； 条目；入口处；登记；进入,,,
envelope,信封；封套；封皮,,,
environment,环境， 外界； 围绕；环境，外界；围绕,,,
envy,妒忌， 羡慕；妒忌，羡慕；妒忌的对象；妒忌；羡慕,,,
epidemic,流行性的；传染的；流行病； 传播,,,
episode,一个事件； 插曲， 片段； 连续剧的一集,,,
equal,相等的，平等的；相等的；平等的,,,
equality,平等；等同， 平等， 相等；等同，平等；相等,,,
equation,方程(式)；等式；方程， 等式,,,
equip,装备， 配备； 使有准备；装备，配备,,,
equipment,装备，设备，配备,,,
equivalence,等值，相等,,,
equivalent,相等物， 等价物；相等的，相当的；相等的，等量的；相等的；等量的,,,
era,时代， 年代， 纪元；时代，年代；纪元；纪元，年代,,,
erect,建造；使竖立；竖直的， 垂直的,,,
erroneous,错误的， 不正确的,,,
error,错误， 谬误， 差错；错误，谬误；差错,,,
escape,逃跑；逃跑；逸出,,,
especially,特别，尤其，格外,,,
essay,散文，文章；短文， 散文， 小品文；短文，散文，小品文,,,
essential,必要的，本质的；必要的；本质的；本质的，必须的；要素； 必需品,,,
essentially,本质上地；必须的,,,
establish,建立， 设立； 确立； 证实；建立，创办，设立；建立，设立；确立,,,
establishment,建立， 设立， 确立； 企业； 当权人物；建立，设立，确立；确立，制定；公司；设施,,,
estate,土地， 住宅区， 地产； 财产， 遗产； 庄园， 种植园,,,
esteem,自尊,,,
estimate,估计；估计，评价；估计； 评价；估计； 评价， 看法,,,
evaluate,评价；评价，估…的价；评价； 估…的价,,,
evaluation,评价，评估；评价； 估计,,,
evaporate,使蒸发；蒸发,,,
eve,前夜， 前夕， 前一刻；前夜，前夕，前一刻,,,
even,甚至；甚至更，还,,,
evening,傍晚，黄昏，晚上,,,
event,事件， 大事， 事变；事件，大事；事变,,,
eventually,终于；最后,,,
ever,在任何时候；曾经,,,
everlasting,永恒的,,,
every,每一的；每隔…的,,,
everybody,每人，人人,,,
everyday,每天的，日常的,,,
everyone,每人，人人,,,
everything,每件事，事事,,,
everywhere,到处，处处,,,
evidence,根据， 证据； 证人；根据，证据，迹象；根据；证据，证人,,,
evident,明显的；明显的， 明白的；明显的，明白的,,,
evidently,明显地， 显然,,,
evil,坏的；邪恶，祸害；邪恶，罪恶；邪恶；祸害,,,
evolution,演变，进化；进化， 演化， 发展；进化，演化；发展,,,
evolutionary,演变的，进化的,,,
evolve,使发展；使进化， 使发展；使进化；使发展,,,
exact,强求， 索取；确切的，精确的；确切的；精确的,,,
exactly,确切地；恰恰正是,,,
exaggerate,夸大， 夸张；夸大，夸张；夸张,,,
exam,考试；检查，细查,,,
examination,考试；检查，细查,,,
examine,检查，仔细观察,,,
example,例子，实例；模范,,,
exceed,超过， 胜过， 超出；超过，胜过；超出,,,
exceedingly,极端地， 非常；极端地，非常,,,
excellent,优秀的，杰出的；卓越的，杰出的，极好的,,,
except,除…之外,,,
exception,例外；例外， 除外；例外，除外,,,
excess,超越； 过量， 过度；超越；过量；过度；过量的， 额外的；过量，过度,,,
excessive,过多的， 极度的；过多的，极度的；过度的,,,
exchange,交换；交换，交流；交换； 交流； 兑换；交换；交流,,,
excite,使激动；引起,,,
excitement,刺激， 激动， 兴奋； 令人兴奋的事， 刺激的因素,,,
exciting,令人兴奋的,,,
exclaim,呼喊， 惊叫；呼喊；惊叫,,,
exclude,把…排除在外；排除，不包括,,,
exclusive,奢华的，高级的；独有的，独享的；排斥的，排他的；不包括…的，不把…计算在内的；独家新闻,,,
exclusively,专门地,,,
excursion,远足， 短途旅行；远足；短途旅行,,,
excuse,借口；原谅；免除,,,
execute,将…处死； 实施， 执行；将…处死；实施,,,
executive,执行的；执行者,,,
exercise,练习；锻炼，训练,,,
exert,尽(力)，运用；尽； 运用,,,
exhaust,使筋疲力尽；使筋疲力尽；用尽；使筋疲力尽；用尽；详尽论述；排气装置； 废气,,,
exhibit,展览品；显示；陈列，展览,,,
exhibition,展览；展览，陈列；展览会,,,
exile,流放，放逐,,,
exist,存在；生存，生活,,,
existence,存在， 实在， 生存；存在，实在；生存,,,
exit,出口；退场；退出,,,
expand,扩大；扩大， 使膨胀；扩大；使膨胀,,,
expansion,扩大， 扩充， 扩张， 膨胀；扩大，扩充；扩张,,,
expect,预料，预期；等待,,,
expectation,期待， 期望， 预期； 前程， 成功的前景；期待，期望，预期；期望,,,
expense,花费， 消费； 费用， 开支； 业务费用；花费，消费；费用,,,
expensive,昂贵的，花钱多的,,,
experience,经验，感受；经历,,,
experiment,实验；试验,,,
experimental,实验的， 试验的；实验的，试验的,,,
expert,专家；熟练的；熟练的，内行的,,,
explain,解释；为…辩解,,,
explanation,解释，说明；辩解,,,
explicitly,直接地，明确地,,,
explode,使爆炸；爆炸；爆炸； 激增； 发怒,,,
exploit,业绩， 功绩；剥削； 利用； 开拓；剥削；利用；开拓；开采,,,
explore,探索；探险， 探索； 仔细查阅， 探究；探险，探索,,,
explosion,爆炸；爆炸， 爆发， 炸裂； 激增， 扩大；爆炸，爆发，炸裂,,,
explosive,炸药；爆炸的；爆炸的； 极易引起争论的,,,
export,输出， 出口；输出， 出口； 输出品， 出口额；输出，出口；运走,,,
expose,使接触； 揭露；使暴露；揭露；暴露,,,
exposure,暴露， 揭露； 曝光；暴露；揭露；暴露；揭露；曝光,,,
express,快车，快递；表示,,,
expression,词句；表达；表情；词语； 表达； 表情,,,
expressiveness,表达,,,
extend,延长， 扩大； 提供， 给予； 伸展， 达到；延长；扩大；致,,,
extension,分机；延长部分， 伸展； 电话分机， 分机号码；延长部分；伸展,,,
extensive,广阔的， 广泛的；广阔的；广泛的,,,
extensively,广泛地,,,
extent,广度； 范围； 程度；广度；范围；程度,,,
exterior,外部的；对外的；外部， 外表,,,
external,外部的， 外面的；外部的，外面的,,,
extra,特别地；额外的；额外的事物， 额外费用；额外的；特别的,,,
extracurricular,课外的,,,
extraordinary,非凡的；非同寻常的， 特别的；非同寻常的，特别的,,,
extreme,极度的；尽头的；极度的；末端的；极端， 过分,,,
extremely,极端，极其，非常,,,
eye,眼睛；眼力；鉴赏力,,,
eyesight,视力， 目力；视力，目力,,,
fable,寓言；虚构的故事,,,
fabric,织物， 纺织品； 结构；织物，纺织品；结构,,,
face,脸；表面；外表,,,
facilitate,使便利，促进,,,
facility,设备； 容易； 场所；设备；容易；便利；设施,,,
fact,事实；实际，实情,,,
factor,因素； 因子； 系数；因素；因子，系数,,,
factory,工厂，制造厂,,,
faculty,才能， 能力； 系， 科； 全体教员；才能，能力；系，科,,,
fade,使褪色；褪色；逐渐消失；褪色；逐渐消失；凋谢；逐渐消失,,,
fail,失败；失灵；不能,,,
failure,失败， 失败的人； 失灵， 故障； 不履行；失败；失败的人,,,
faint,不清楚的，模糊的；微弱的；虚弱的；昏厥；晕倒，昏厥,,,
fair,公平的；相当的；集市,,,
fairly,相当， 尚可， 还； 公平地；相当；公平地,,,
fairy,小精灵， 小仙子,,,
faith,信任；信任，信心；信仰；信任； 信心； 信仰， 信条； 忠诚,,,
faithful,忠诚的； 如实的； 尽职的；忠诚的；如实的,,,
fall,落下；跌倒；陷落,,,
fame,名声， 名望；名声，名望,,,
familiar,熟悉的；熟悉的；冒昧的,,,
family,家，家庭；家族,,,
famine,饥荒； 严重的缺乏；饥荒；严重的缺乏,,,
famous,著名的，出名的,,,
fan,(运动等)狂热爱好者,,,
fancy,华丽的，别致的；喜欢；想象，猜想；想象力，设想；爱好；想象力；设想；爱好；昂贵的； 别致的,,,
fantasize,想象，幻想,,,
fantastic,极好的， 极出色的， 了不起的； 极大的； 难以相信的； 异想天开的， 不实际的； 奇异的， 古怪的,,,
fantasy,想象， 幻想； 想象的产物,,,
far,远的；远，遥远,,,
fare,车费，船费，票价；进展,,,
farewell,再会；告别；告别， 欢送会,,,
farm,农场，农庄；饲养场,,,
farmer,农民，农夫；农场主,,,
farther,更远地；更远的,,,
fascinate,强烈地吸引，迷住；有吸引力， 迷人；迷住，强烈吸引,,,
fascinating,迷人的， 有极大吸引力的,,,
fascination,魅力；入迷,,,
fashion,样子， 方式； 时尚； 流行款式；样子，方式；风尚,,,
fashionable,流行的， 时髦的；流行的，时髦的,,,
fast,快；快的；偏快的,,,
fasten,扎牢， 扣住；扎牢，扣住,,,
fatal,致命的， 命运的； 重大的， 决定性的；致命的，攸关的；致命的；命运的,,,
fate,命运；命运， 天数；命运，天数,,,
father,父亲；神父；创始人,,,
fatigue,疲劳；疲劳，劳累；疲劳，疲乏,,,
fault,缺点；过失；故障,,,
faulty,有错误的， 有缺点的；有错误的，有缺点的,,,
favor,偏好, 赞同,,,
favorable,赞同的,,,
favour,好感；赞同；恩惠；赞同； 喜爱， 偏爱； 有利于,,,
favourable,有利的， 赞成的； 顺利的；有利的；赞成的,,,
favourite,特别受喜爱的；特别受喜爱的人,,,
fear,害怕；害怕；担心,,,
fearful,害怕的， 可怕的； 不安的， 忧虑的；害怕的，可怕的,,,
feasible,可行的， 可能的；可行的；可能的；可行的；可能的；可用的,,,
feast,盛宴，筵席；节日,,,
feather,羽毛， 翎毛；羽毛；翎毛；羽状物,,,
feature,特征，特色；面貌；特征，特色；面貌；特写，专题节目；故事片；特点；突出；由…主演；起重要作用,,,
federal,联邦的， 联盟的；联邦的；联盟的,,,
fee,费，酬金；赏金；费； 酬金， 赏金,,,
feeble,虚弱的；微弱的,,,
feed,吃饲料；喂(养),,,
feedback,反馈；回授， 反馈， 反应；回授，反馈，反应,,,
feel,有知觉；触，摸,,,
feeling,感情；感觉，知觉,,,
fellow,人，家伙；伙伴,,,
female,雌性动物；女子；雌性的动物；女子；雌的； 女的,,,
fence,栅栏,,,
fertile,肥沃的； 多产的； 丰富的；肥沃的；多产的,,,
fertilizer,肥料,,,
festival,节日； 音乐节；节日；音乐节,,,
fetch,取回；拿来；请来，接去,,,
fever,发热，发烧；狂热,,,
few,很少的；少数的,,,
fibre,纤维， 纤维质；纤维，纤维质,,,
fiction,小说，虚构的文学作品；小说； 虚构， 杜撰；小说；虚构，杜撰,,,
field,田野；田；运动场,,,
fierce,凶猛的，狂热的；凶猛的； 狂热的,,,
fifteen,十五；十五个,,,
fifth,五分之一；第五,,,
fifty,五十，五十个,,,
fight,打(仗)；斗争,,,
figure,人物；数字；出现； 合乎情理； 计算； 认为， 猜想；数字；人物；算术；体形，体态；轮廓；画像，塑像；图，图形；数字；外形；人物,,,
file,把…归档；档案,,,
fill,装满，盛满；占满,,,
film,影片；胶卷；薄层,,,
filter,滤纸；滤纸， 过滤嘴；过滤；过滤，透；走漏,,,
final,最后的；决定性的,,,
finally,最后； 决定性地；最后；不可更改的,,,
finance,筹措资金；筹集资金；财政；财政，金融；财源；财政，金融；财源，财务情况,,,
financial,财政的， 金融的；财政的，经济的；财政的，金融的,,,
find,找到；发觉；找出,,,
finding,发现； 调查的结果； 裁决；发现；调查的结果,,,
fine,罚款；美好的；纤细的,,,
finger,手指；指状物,,,
finish,完成，结束；结束,,,
fire,开火；火；火灾,,,
fireman,消防队员； 司炉工；消防队员；司炉工,,,
firm,商行，商号，公司,,,
first,最初；第一,,,
fish,钓鱼；鱼，鱼肉,,,
fisherman,渔民， 渔夫；渔民，渔夫，打鱼人,,,
fist,拳(头),,,
fit,适合；适合；安装,,,
fitness,健康,,,
five,五，五个，第五,,,
fix,使固定；决定,,,
flag,旗，旗帜；旗舰旗,,,
flame,火焰， 光辉； 热情；火焰；光辉；热情,,,
flare,使闪亮；闪耀,,,
flash,闪光；闪光；闪光灯；闪， 闪烁； 飞驰；闪，闪烁,,,
flat,一套房间，单元住宅；平的，扁平的；平的；固定的；漏气的；平淡的；沉闷的；浅的；平直地； 直截了当地,,,
flavour,味，味道；风味,,,
flaw,缺点，错误,,,
flee,逃走， 逃掉， 逃离； 避开， 逃避,,,
fleet,舰队， 船队；舰队；船队，机群,,,
flesh,肉， 肌肉， 肉体；肉，肌肉；肉体,,,
flexibility,灵活性， 机动性， 柔韧性；灵活性；适应性,,,
flexible,易弯曲的， 灵活的；易弯曲的；灵活的；灵活的,,,
flight,航班；飞行；逃跑,,,
float,使漂浮；浮动， 漂浮； 飘动；漂浮,,,
flock,羊群， 群； 大量；羊群，群；大量,,,
flood,洪水；洪水；大量；淹没；淹没； 涌入,,,
floor,地板；楼层,,,
flour,面粉，粉；粉状物质；面粉； 粉， 粉状物质,,,
flourish,挥动；繁荣，茂盛，兴旺,,,
flow,流动；流动；飘垂；涨潮,,,
flower,花，花卉；开花,,,
flu,流行性感冒,,,
fluent,流利的， 流畅的；流利的，流畅的,,,
fluid,流体，液体；流动的,,,
flush,奔流；(脸)发红,,,
fly,蝇，苍蝇；飞行,,,
focus,焦点；焦点； 中心；聚焦，注视；聚焦；集中,,,
fog,雾， 烟雾， 尘雾；雾；烟雾，尘雾,,,
fold,折叠，合拢；折叠；合拢；褶；褶， 折叠的部分,,,
folk,人们，家属，亲属；人们； 家属， 亲属； 大伙儿， 各位,,,
follow,跟随；结果是,,,
following,一批追随者；接着的，下列的；接着的；下列的,,,
fond,喜爱的；溺爱的,,,
food,食物，食品，养料,,,
fool,欺骗；蠢人，傻子,,,
foolish,愚蠢的；鲁莽的,,,
foot,脚；最下部；英尺,,,
football,足球比赛；足球,,,
foothold,立足处（攀登时脚踩的地方）,,,
footstep,脚步， 脚步声， 足迹；脚步；脚步声；足迹,,,
for,为；给；因为,,,
forbid,禁止， 不许， 阻止；禁止，不许；阻止,,,
force,军队， 兵力； 暴力， 武力； 力， 力气； 影响力， 效力；力，力量；强迫；强迫；用力推动，用力打开,,,
forecast,预测， 预报；预测，预报；预示,,,
forefinger,食指,,,
forehead,额头，前部；额头； 前部,,,
foreign,外国的；外来的,,,
foreigner,外国人,,,
foremost,最初的；第一流的,,,
foreseeable,可以预见的,,,
forest,森林；森林地带,,,
forever,永远，总是，老是,,,
forge,打制， 锻造； 伪造,,,
forget,忘记，遗忘,,,
forgive,原谅，饶恕，宽恕,,,
fork,餐叉；叉；分叉,,,
form,形式；形状；形成,,,
formal,正式的， 礼仪上的；正式的；礼仪上的,,,
format,使格式化；设计，安排；格式，样式，版式,,,
formation,形成， 构成， 形成物； 队形， 排列；形成；构成；形成物,,,
former,前者；在前的,,,
formula,公式， 方程式； 原则， 方案； 配方；公式，式,,,
formulate,规定，制定,,,
forth,向前； 向外， 往外；向前；向外，往外,,,
fortnight,两星期， 十四天；两星期，十四天,,,
fortunate,幸运的，侥幸的,,,
fortunately,幸运地；幸运地，幸亏；幸运地； 幸亏,,,
fortune,命运，运气；财产,,,
forty,四十，第四十,,,
forum,论坛,,,
forward,向前；今后，往后,,,
found,创立，创办；建立,,,
foundation,地基；基础；基金会；基础；；基础；地基；基金,,,
fountain,泉水，喷泉；源泉；泉水； 喷泉； 源泉,,,
four,四，四个，第四,,,
fourfold,四倍的，四重的；四倍， 四重,,,
fourteen,十四，第十四,,,
fourth,第四，四分之一,,,
fox,狐狸；狡猾的人,,,
fraction,小部分； 片断； 分数；小部分；片断；分数,,,
fragment,成碎片；碎片，破片，碎块,,,
frame,框架；框架，框子，构架；框架，框子；构架；给…镶框； 陷害， 诬告； 制定； 表达,,,
framework,框架， 结构； 准则； 体系；框架，构架，结构,,,
frank,坦白的， 直率的；坦白的，直率的,,,
free,自由的；空闲的,,,
freedom,自由；自主,,,
freely,自由地；直率地,,,
freeze,使结冰；冻；结冻,,,
freight,货运；货物；运费；运送,,,
frequency,屡次； 次数， 频率；屡次；次数；频率,,,
frequent,常到， 常去；时常发生的，常见的；时常发生的；经常的,,,
frequently,时常，常常,,,
fresh,新的；新鲜的,,,
friction,摩擦，摩擦力,,,
fridge,电冰箱,,,
friend,朋友，友人,,,
friendly,友好的，友谊的,,,
friendship,友谊，友好,,,
frighten,使惊恐，使恐慌；使惊恐，吓唬,,,
frog,蛙,,,
from,从…来；离开,,,
front,前部；前面的,,,
frontier,边境；边境， 边疆； 新领域；边境；边疆；新领域,,,
frost,冰冻，严寒；霜；结霜,,,
frown,皱眉；皱眉， 蹙额；皱眉，蹙额,,,
fruit,水果；果实；成果,,,
fruitful,多产的， 肥沃的；多产的；肥沃的,,,
frustrate,使沮丧， 使灰心； 挫败， 使受挫折,,,
fry,油煎， 油炸， 油炒；油煎，油炸，油炒,,,
fuel,加燃料； 加油；燃料；燃料，燃料剂；给…加燃料；给…加燃料；刺激,,,
fulfil,履行， 实现， 完成； 满足， 使满意；履行；满足；完成,,,
fulfill,履行， 实现， 完成； 满足， 使满意,,,
full,满的；完全的,,,
fun,乐趣，娱乐；玩笑,,,
function,功能，运行；功能；职务，职责；功能；职务；函数；运作， 运行,,,
fund,为…提供资金；基金，储备；；提供资金；资金，基金；存款；资金；基金；存款,,,
fundamental,基本原则；基础的，基本的,,,
fundamentally,根本上,,,
funeral,葬礼， 丧礼， 丧葬；葬礼，丧礼，丧葬,,,
funny,古怪的；滑稽的,,,
fur,软毛， 毛皮， 裘皮； 毛皮衣服；软毛；毛皮，裘皮,,,
furious,狂怒的；狂暴的,,,
furnace,炉子， 熔炉， 鼓风炉；炉子，熔炉；鼓风炉,,,
furnish,供应， 提供； 装备；供应，提供；装备,,,
furniture,家具；家具；装置，设备,,,
further,更远地；更远的,,,
furthermore,而且， 此外；而且，此外,,,
fuss,大惊小怪；忙乱； 大惊小怪， 小题大做； 烦恼， 过于忧虑,,,
fussy,大惊小怪的，小题大做的,,,
future,将来，未来；前途,,,
gain,增进；获得；增加,,,
gallery,画廊， 美术馆； 楼座； 旁听席； 回廊， 走廊；美术馆；长廊，游廊；画廊,,,
gallon,加仑,,,
gambling,赌博,,,
game,游戏；比赛；猎物,,,
gang,一帮，一伙；聚集， 结成一伙,,,
gaol,监狱；监禁,,,
gap,差距;缝隙缺口；缺口； 间隔； 差距； 缺陷；缺口；间隔；差距,,,
garage,车库；车库；加油站,,,
garbage,垃圾， 废物； 废话； 无用的资料；垃圾，污物，废料,,,
garden,花园，菜园；公园,,,
gardener,园丁， 花匠；园丁，花匠,,,
garlic,大蒜,,,
gas,煤气；气体；汽油,,,
gaseous,气体的，气态的,,,
gasoline,(美)汽油；汽油,,,
gasp,气喘，喘息,,,
gate,大门；篱笆门,,,
gather,聚集；集合vt收集,,,
gauge,量器；量，测量,,,
gay,快乐的；鲜明的,,,
gaze,凝视， 盯， 注视；凝视，盯，注视,,,
gear,使合适；使适应， 使适合；齿轮；齿轮，传动装置，排挡；用具，设备；衣服,,,
gender,性别,,,
gene,基因,,,
general,总的；一般的n将军,,,
generalization,一般化,,,
generally,一般地， 通常地； 普遍地；一般地；通常地,,,
generate,产生；发生， 引起； 生殖；发生；引起；生殖,,,
generation,一代人，产生；一代，一代人；产生,,,
generator,发电机； 发生器；发电机；发生者,,,
generic,【生物】 属的， 类的； 一般的， 普通的,,,
generosity,慷慨，大方,,,
generous,慷慨的；慷慨的； 宽厚的； 大量的；慷慨的；宽厚的,,,
genius,天才， 天赋， 天资； 天才人物；天才，天赋，天资,,,
gentle,和蔼的；轻柔的,,,
gentleman,绅士；有教养的人,,,
gently,有礼貌地；柔和地,,,
genuine,真正的；真的， 真正的； 真诚的；真的；真正的,,,
geographic,地理的,,,
geography,地理，地理学,,,
geometry,几何， 几何学；几何，几何学,,,
germ,微生物， 细菌； 幼芽；微生物，细菌，幼芽,,,
gesture,做手势；姿势，手势，姿态；姿势，手势；姿态；手势，姿势,,,
get,变得，成为；到达,,,
ghost,鬼， 灵魂， 鬼魂；鬼，灵魂；鬼魂,,,
giant,巨人，巨物；才智超群的人；巨人；巨物；巨大的,,,
gift,礼物，赠品；天赋；礼物；天赋,,,
girl,女孩子，姑娘；女儿,,,
give,做，作；送给,,,
given,考虑到；规定的，特定的；假设的；已知的；有癖好的，有倾向的,,,
glad,高兴的；乐意的,,,
glance,一瞥；用扫视； 反射；看一下,,,
glare,瞪眼,,,
glass,玻璃；玻璃杯,,,
glide,滑动；消逝；滑行,,,
glimpse,一瞥， 一看；一瞥，一看；看一眼，一瞥；瞥见,,,
glitter,闪光；闪闪发光,,,
global,全球的， 全世界的； 总的， 完整的,,,
globe,地球， 世界； 地球仪； 球体；地球，世界；地界仪,,,
gloomy,阴沉的，沮丧的；黑暗的；令人沮丧的,,,
glorious,光荣的； 壮丽的； 令人愉快的；光荣的；壮丽的；辉煌的,,,
glory,光荣， 荣誉的事； 美丽；光荣；荣誉的事,,,
glove,手套,,,
glow,发白热光；白热光；白热光；脸红；激情,,,
glue,胶合；胶，胶水,,,
go,去；走；变为,,,
goal,球门；得分；目的,,,
goat,山羊,,,
gold,金制的；金；钱财,,,
golden,金色的；极好的,,,
golf,高尔夫球；高尔夫球运动,,,
good,好的；有本事的,,,
goodness,优良，德性，仁慈；善良， 美德， 好意；天哪,,,
goods,货物，商品,,,
goose,鹅，雌鹅,,,
govern,居支配地位， 占优势；管理，支配；统治，治理，支配；统治，治理；支配,,,
government,政府；治理；政治,,,
governor,州长； 主管人员； 理事， 董事；州长；主管人员,,,
gown,长袍，长外衣,,,
grab,抓取，攫取；赶紧做；抓住；抓，夺；抓， 夺；抢先，抢占，抢夺,,,
grace,优美，优雅；风度，魅力；宽限，缓期；优美，文雅；雅致；使优美,,,
graceful,优美的， 优雅的； 得体的；优美的，优雅的,,,
gracious,有礼貌的；仁慈的,,,
grade,等级；给…分等级,,,
gradual,逐渐的， 渐进的； 坡度平缓的；逐渐的；渐进的,,,
gradually,逐渐地，逐步地,,,
graduate,大学毕业；毕业；毕业生；毕业生；研究生；研究生的,,,
grain,谷物， 谷粒； 颗粒； 少量， 微量；谷物，粮食；谷物，谷粒；颗粒,,,
gram,克,,,
grammar,语法； 语法书；语法；语法书,,,
grammatical,语法上的,,,
gramme,gram的英式拼法；克(重量单位),,,
grand,宏伟的； 重大的； 傲慢的； 派头大的； 绝佳的； 全部的；宏伟的；重大的,,,
granddaughter,孙女，外孙女,,,
grandfather,祖父；外祖父,,,
grandmother,祖母，外祖母,,,
grandson,孙子，外孙子,,,
grant,授予；授予物；补助金；授予， 给予； 同意；授予；允许；授给物,,,
grape,葡萄， 葡萄藤；葡萄；葡萄藤,,,
graph,(曲线)图，图表；图， 图表,,,
grasp,抓；抓紧，握紧；理解；抓紧；掌握；抓； 理解,,,
grass,草；牧草；草地,,,
grateful,感激的； 令人愉快的；感激的；令人愉快的,,,
gratitude,感激， 感谢， 感恩；感激，感谢，感恩,,,
grave,严重的；严重的； 严肃的；坟墓,,,
gravity,重力， 引力； 严重性； 严肃， 庄重；重力，引力；严重性,,,
gray,灰色；灰色的,,,
great,大的；伟大的,,,
greatly,大大地，非常,,,
greedy,贪吃的； 贪婪的； 渴望的；贪吃的；贪婪的,,,
green,绿色；绿色的,,,
greenhouse,温室， 暖房；温室，玻璃暖房,,,
greet,问候，招呼；反应,,,
greeting,问候，招呼，致敬,,,
grey,灰色；灰色的,,,
grid,输电网,,,
grief,悲伤,,,
grieve,使悲痛；悲痛,,,
grind,磨(碎)；磨快；磨， 磨快,,,
grip,握紧，抓牢；握紧，抓牢；吸引住；紧握,,,
groan,呻吟；哼，呻吟,,,
grocer,食品商， 杂货商；食品商；杂货商,,,
grocery,杂货店；食品杂货店,,,
gross,总的； 严重的； 粗俗的； 臃肿的；总的；严重的,,,
ground,地；场地；根据,,,
groundlessly,无缘无故地，无根据地,,,
groundsheet,防潮布,,,
group,小组，群；聚集,,,
grow,生长；变得；增长,,,
growth,增长， 增长量； 生长， 生长物；增长；增长量；生长,,,
guarantee,保证， 担保；保证，担保；保证；保证书；担保物；保证；担保物,,,
guard,卫兵；守卫；看守,,,
guess,猜测，推测,,,
guest,客人，宾客；旅客,,,
guidance,引导， 指导， 领导；引导，指导，领导,,,
guide,导游者；给…导游,,,
guideline,指导原则；指导方针， 准则,,,
guilt,有罪，犯罪行为,,,
guilty,内疚的； 有罪的；内疚的；有罪的,,,
guitar,吉他， 六弦琴,,,
gulf,海湾；海湾； 巨大的分歧,,,
gum,口香糖； 树胶；口香糖；树胶；牙龈,,,
gun,枪，炮，手枪,,,
gunpowder,黑色火药；有烟火药,,,
guy,家伙， 伙计,,,
gym,体育馆，健身房；体育馆； 健身房,,,
gymnasium,体育馆， 健身房；体育馆，健身房,,,
habit,习惯；习性,,,
habitual,习惯性的，惯常的,,,
hair,头发，毛发；毛,,,
haircut,理发,,,
half,一半的；半，一半,,,
halfway,中途的；部分的；不彻底的；半路地； 在中途， 在半途,,,
hall,门厅；过道；会堂,,,
halt,停住；停止，立定；停止；立定,,,
hamburger,汉堡包，牛肉饼,,,
hammer,锤击；锤，榔头,,,
hand,手；人手；指针,,,
handbag,手提包,,,
handful,一把， 少数， 一小撮；一把；少数，一小撮,,,
handkerchief,手帕,,,
handle,拿， 触； 操作， 处理；拿，触；控制，处理；柄，把手,,,
handsome,英俊的；相当大的,,,
handwriting,笔迹， 手迹； 书法；笔迹，手迹，书法,,,
handy,手边的， 便于使用的；手边的；便于使用的,,,
hang,挂，悬；吊死,,,
happen,发生； 碰巧， 恰好；发生；碰巧，恰好,,,
happiness,幸福，幸运；快乐,,,
happy,快乐的；幸福的,,,
harbour,庇护；庇护； 心怀；海港，港口,,,
hard,硬的；困难的,,,
harden,使变硬；变硬；变硬； 变得坚强,,,
hardly,几乎不，简直不,,,
hardship,艰难， 困苦；艰难，困苦,,,
hardware,五金器具； 硬件；五金器具；硬件,,,
hardworking,苦干的，不辞辛劳的,,,
hare,野兔,,,
harm,伤害， 损害；伤害，损害；损害；有害,,,
harmful,有害的,,,
harmony,和谐；调合，协调，和谐；调和， 协调， 和谐,,,
harness,治理；治理；给上挽具；马具， 挽具；马具，挽具,,,
harsh,严厉的； 粗糙的；严厉的；刺耳的；严酷的,,,
harvest,丰收，收获；收割；收获，收成,,,
haste,急速， 急忙； 草率；急速，急忙；草率,,,
hasten,催促；赶紧,,,
hasty,急速的；仓促的,,,
hat,帽子(一般指有边的),,,
hatch,(蛋)孵化；孵出,,,
hate,恨，憎恨；不喜欢,,,
hateful,可恨的，可恶的,,,
hatred,憎恶， 憎恨， 仇恨；憎恶，憎恨，仇恨,,,
have,aux已经；有；吃,,,
hawk,鹰，隼,,,
hay,干草,,,
hazard,危险；危险；公害；尝试着做； 冒…风险,,,
he,(主格)他,,,
head,头；上端；率领,,,
headache,头痛；头痛的事,,,
heading,标题， 题词， 题名； 新闻提要；标题，题词，题名,,,
headline,大字标题； 新闻提要；大字标题；新闻提要,,,
headmaster,校长,,,
headquarter,设立总部，在…设立总部,,,
headquarters,司令部， 总部；司令部；总部,,,
heal,使愈合，治愈，使康复；调停，消除；愈合， 痊愈， 恢复健康；治愈；使和解,,,
health,健康，健康状况,,,
healthy,健康的；有益健康的,,,
heap,(一)堆；大量；堆， 大量,,,
hear,听见；审讯；听说,,,
hearing,听力， 听觉； 听力所及之距离； 意见听取会； 申辩的机会,,,
heart,心，内心；勇气,,,
heat,变热；热，炎热,,,
heating,加热，供暖,,,
heave,举起，提起，拉起，拖；扔；发出；举起； 起伏， 升降；起伏，隆起；呕吐，恶心,,,
heaven,天堂；天，天空,,,
heavily,重重地；大量地,,,
heavy,重的；大的；充满的,,,
hedge,用篱笆围； 避免直接回答；篱笆，树篱；障碍物,,,
heel,脚后跟， 踵； 后跟；脚后跟，踵，后跟,,,
height,高，高度；高处,,,
heir,后嗣，继承人,,,
helicopter,直升机,,,
hell,地狱； 极大的痛苦；地狱；极大的痛苦,,,
hello,喂,,,
helmet,头盔，钢盔,,,
help,帮助；援助；帮手,,,
helpful,给予帮助的； 有用的；给予帮助的；有用的,,,
helpless,无助的； 无能的； 无法抗拒的；无助的；无能的,,,
hen,母鸡， 雌禽；母鸡，雌禽,,,
hence,因此， 所以； 今后；因此，所以；今后,,,
her,(宾格)她；她的,,,
herd,兽群，牧群；放牧,,,
here,这里；向这里,,,
hero,男主角；英雄；勇士,,,
heroic,英雄的； 英勇的；英雄的；英勇的,,,
heroine,女主角；女英雄,,,
hers,她的(所有物),,,
herself,她自己；她亲自,,,
hesitant,犹豫的； 吞吞吐吐的,,,
hesitate,犹豫， 踌躇； 含糊； 不情愿；犹豫，踌躇；含糊,,,
heterogeneity,异种， 异质， 不同成分,,,
hi,嗨(表示问候等),,,
hide,把…藏起来；隐瞒,,,
high,高；高的；高级的,,,
highlight,强调，突出，使显著；最精彩的部分； 最重要的事件；照亮；突出；强调,,,
highly,高度地， 极， 非常赞许地；高度地，很，非常,,,
highway,公路， 大路；公路；大路,,,
hill,小山，山岗；丘陵,,,
hillside,(小山)山腰，山坡,,,
him,(宾格)他,,,
himself,他自己；他亲自,,,
hinder,阻碍,,,
hint,暗示， 示意；暗示，示意；建议；暗示，示意；细微的迹象；建议,,,
hip,臀部， 髋部,,,
hire,租借；租用，雇用；租用； 雇用；雇佣,,,
his,他的，他的东西,,,
historic,历史上著名的， 具有重大历史意义的,,,
historical,历史的， 有关历史的；历史的，有关历史的,,,
history,历史；个人经历,,,
hit,击；成功, 打击；打；碰撞,,,
hobby,业余爱好， 癖好；业余爱好，癖好,,,
hold,拿住；掌握；拥有,,,
hole,洞；孔眼，裂开处,,,
holiday,假日，节日；假期,,,
hollow,空的， 空洞的； 沉闷的； 虚伪的；空的；空洞的,,,
holy,神圣的， 圣洁的， 虔诚的；神圣的；圣洁的,,,
home,家庭的；家；家乡,,,
homemaker,主妇,,,
homogeneous,同种类的， 同性质的， 有相同特征的,,,
honest,诚实的；可敬的,,,
honesty,诚实；诚实，正直,,,
honey,蜜， 蜂蜜； 甜， 甜蜜； [常用于称呼] 宝贝儿；蜜，蜂蜜；甜，甜蜜,,,
honeymoon,蜜月,,,
honor,纪念,,,
honour,光荣；尊敬，敬意,,,
honourable,光荣的； 可敬的； 正直的；诚实的；光荣的,,,
hook,钩住；钩，挂钩,,,
hope,希望,,,
hopeful,有希望的,,,
hopeless,没有希望的， 绝望的；没有希望的，绝望的,,,
horizon,地平线； 眼界， 见识；地平线；眼界，见识,,,
horizontal,地平的， 水平的；地平的；水平的,,,
horn,号角；警报器；角；角； 号角； 警报器,,,
horrible,令人恐惧的， 可怕的； 骇人听闻的； 极讨厌的， 使人不愉快的； 糟透的,,,
horror,恐怖； 憎恶； 令人恐怖的事物；恐怖；战栗；憎恶,,,
horse,马；马科动物,,,
horsepower,马力,,,
hospitable,热情友好的,,,
hospital,医院,,,
hospitalize,就医,,,
host,主人；东道主,,,
hostess,女主人；空姐,,,
hostile,敌方的； 不友善的；敌方的；不友善的,,,
hot,热的；刺激的；辣的,,,
hotel,旅馆,,,
hour,小时；时间，时刻,,,
house,房屋，住宅；商号,,,
household,家庭的； 家喻户晓的；家庭，一家人；家庭，户；家务,,,
housewife,家庭主妇,,,
housing,房屋， 住宅； 住房建筑， 住房供给； 外壳， 外罩,,,
how,怎么；怎样；多少,,,
however,然而；不管怎样,,,
hub,中心,,,
huge,巨大的，庞大的,,,
human,人；人的，人类的,,,
humanity,人类，总称人(性),,,
humble,谦逊的； 地位低下的； 简陋的；谦逊的；地位低下的,,,
humid,湿的，湿气重的,,,
humorous,富于幽默的，诙谐的；幽默的， 诙谐的,,,
humour,幽默， 诙谐， 幽默感；幽默，诙谐，幽默感,,,
hundred,百，百个；许多,,,
hunger,饿，饥饿；渴望,,,
hungry,饥饿的；渴望的,,,
hunt,打猎； 搜寻； 驱逐；打猎；搜寻；追猎,,,
hurry,催促；赶紧,,,
hurt,使受伤；使痛心,,,
husband,丈夫,,,
hut,小屋， 棚屋；小屋，棚屋,,,
hydrogen,氢,,,
ice,冰镇；冰，冰块,,,
idea,想法；思想；意见,,,
ideal,理想的；观念的；理想的；观念的；空想的；理想； 理想的东西,,,
identical,完全相同的， 同一的；完全相同的；同一的；相同的,,,
identification,鉴定，识别；认同；身份证明,,,
identify,一致；认出，识别，鉴定；认出，识别；视为；认出，鉴定；把…等同于,,,
identity,身份；身份； 个性， 特性； 同一性， 一致性,,,
idiom,习语，成语,,,
idle,空闲的，懒散的；无用的；空闲的；懒散的；虚度， 无所事事,,,
if,假如，如果,,,
ignorance,无知， 愚昧；无知，愚昧,,,
ignorant,不知道的， 无知的；不知道的；无知的；无知的,,,
ignore,不顾， 不理， 忽视；不顾，不理，忽视；忽视，不顾,,,
ill,坏；有病的；坏的,,,
illegal,不合法的， 非法的；不合法的，非法的；非法的,,,
illness,病，疾病,,,
illustrate,(用图等)说明；说明；说明,阐明,,,
illustration,说明， 图解， 例证；说明，图解；例证,,,
image,像； 形象； 映像； 形象的描述；像；形象；映象；形象，声誉，印象,,,
imaginary,想象中的， 假想的；想象中的，假想的；虚构的，想象的,,,
imagination,想象， 想象力， 空想； 想象出；想象；想象力；空想,,,
imagine,想象，设想；料想,,,
imitate,模仿；模仿， 仿效， 仿制；模仿，仿效；仿制,,,
immeasurable,无法估量的,,,
immediate,立即的；直接的,,,
immediately,立即， 马上； 直接地， 紧接地；立即；直接地,,,
immense,巨大的； 极好的；巨大的；极好的,,,
immigrant,移民；移民的；移民， 侨民,,,
immobile,稳定的，不变的,,,
impact,影响；影响， 作用， 冲击；影响，作用；冲击,,,
impatient,不耐烦的， 急躁的；不耐烦的，急躁的,,,
impermanency,非永久性,,,
impermanent,非永久（性）的；不持久的，暂时的,,,
implement,使生效， 履行， 实施；实施，执行；工具， 器具， 用具,,,
implementation,实现，履行,,,
implication,含义，暗示；含义，暗示，暗指；含意， 暗示， 暗指； 卷入， 牵连,,,
imply,意味；暗示；暗示， 意指；暗示，意指,,,
import,输入， 进口；输入， 进口； 进口商品； 意义， 重要性；输入，进口；进口,,,
importance,重要；重要性,,,
important,重要的；有势力的,,,
impose,利用， 占便宜； 欺骗；强加；把…强加于；征；把…强加；征(税),,,
impossible,不可能的，办不到的,,,
impress,印记； 特征；给…深刻印象；给…深刻印象；印，压印；给人印象，引人注目,,,
impression,印象； 印记；印；印象；印记,,,
impressive,给人印象深刻的；给人深刻印象的,,,
imprison,关押，监禁；限制,,,
improper,不合适的，不适当的,,,
improve,使更好；变得更好； 改善； 提高；改善,,,
improvement,改进， 改善； 改进处；改进，改善；改进处,,,
in,在…里ad进，入,,,
inadequacy,不足,,,
inadequate,不足的，不够的,,,
inappropriate,不合适的,,,
incentive,动机，刺激,,,
inch,英寸,,,
incidence,几率，发生率,,,
incident,发生的事， 事件；发生的事；事件,,,
incline,使倾斜；倾向于；倾斜； 弯； 倾向于；斜坡,,,
include,包含；包括， 包含；包括，包含,,,
income,收入；收益；进款,,,
incomparable,无比的，无可匹敌的,,,
incorrect,不正确的，错误的,,,
increase,增加,,,
increasingly,日益， 越来越多地；日益，越来越多地,,,
incredible,不可思议的；不能相信的， 不可信的； 难以置信的， 不可思议的； 惊人的,,,
indeed,真正地；确实,,,
indefinite,不明确的；不定的,,,
independence,独立， 自主， 自立；独立，自主，自立,,,
independent,独立的， 自主的； 无偏见的； 不相关联的；独立的；自主的,,,
independently,独立地,,,
index,索引； 指数， 指标；索引；指数；指标,,,
indicate,标示， 表示， 表明；标示，表示；表明；表明,,,
indication,指示， 表示， 表明； 象征， 迹象；指示；表示；表明,,,
indifferent,冷漠的；冷漠的， 不积极的； 一般的， 平平的；冷漠的；不积极的,,,
indignant,愤慨的，义愤的,,,
indirect,间接的， 婉转的；间接的；不坦率的,,,
indispensable,必不可少的；必不可少的， 必需的；必不可少的，必需的,,,
individual,个人；个人， 个体；个别的；独特的,,,
indoor,在室内， 在户内；室内的,,,
indoors,在室内，在屋里,,,
induce,引诱,,,
industrial,工业的， 产业的；工业的；产业的,,,
industrialize,使工业化；工业化,,,
industry,工业，产业；勤劳,,,
inefficient,效率低的，无能的,,,
inevitable,不可避免的；不可避免的， 必然的；不可避免的，必然的,,,
inexpensive,花费不多的，廉价的,,,
infant,婴儿；婴儿的；婴儿的； 幼稚的,,,
infect,传染， 感染； 影响；传染；感染,,,
infer,推论， 推断； 猜想；推论，推断；猜想,,,
inference,推断结果， 结论； 推论， 推理， 推断,,,
inferior,下等的，劣等的；次于…的；下等的；劣等的；下级， 下属,,,
infinite,无限的；无限的； 无穷的；无限的；无数的,,,
inflate,膨胀,,,
inflation,通货膨胀；通货膨胀； 膨胀,,,
influence,影响；影响，作用；影响力，势力；产生影响力的人；影响；势力,,,
influential,有影响力的；有影响的； 有权势的；有影响的；有权势的,,,
inform,告发， 告密；通知，向…报告；通知；报告,,,
information,消息，信息；通知,,,
ingredient,成分，原料；组成部分， 成分； 原料； 要素， 因素,,,
inhabit,居住于，栖息于,,,
inhabitant,居民， 住户；居民，住户,,,
inherit,成为继承人；继承；继承(传统等),,,
initial,最初的，开始的；最初的；词首的；首字母,,,
initially,最初，起初,,,
initiate,开始，发起,,,
initiative,主动性； 首创精神； 主动的行动， 倡议； 主动权；主动权，自主权,,,
injection,注射， 注入； 充满；注射，注入；充满,,,
injure,伤害， 损害， 使遭受损伤；伤害，损害，损伤；使受伤,,,
injury,损害， 伤害； 受伤处；损害，伤害；受伤处,,,
ink,墨水，油墨,,,
inn,小旅店， 小酒店；小旅店；小酒店,,,
inner,内部的； 内心的；内部的；内心的,,,
innocent,无辜的，天真的；；清白的，幼稚的；清白的； 幼稚的； 没有恶意的,,,
innovate,创新，革新,,,
innovation,改革，创新,,,
innovative,创新的， 革新的,,,
input,把…输入计算机；输入；投入的资金；输入；投入的资金；输入的数据,,,
inquire,打听， 询问； 调查；打听，询问；调查；询问,,,
inquiry,询问；询问， 打听； 调查；询问，打听；调查,,,
insect,昆虫， 虫；昆虫，虫,,,
insecure,不安全的,,,
insert,插入， 嵌入； 登载；插入；嵌入；登载,,,
inside,内部；在…里面,,,
insight,洞察力，洞悉；洞察力； 洞悉； 深刻见解,,,
insist,主张，坚持；坚持， 坚决认为； 坚持要求；坚持；坚持要求,,,
inspect,检查，审查；检阅；进行检查； 进行视察,,,
inspection,检查，审查；检阅,,,
inspector,检查员,,,
inspiration,灵感,,,
inspire,吸气； 赋予灵感；激发；鼓舞；使产生灵感；鼓舞，给…以灵感；鼓舞；给…以灵感,,,
install,安装；安装， 设置； 使就职， 任命；安装，设置,,,
installation,安装，就任；安装； 装置， 设施； 就任， 就职；安装；装置；设施,,,
installment,安装，分期付款,,,
instance,例子， 实例， 事例；例子，实例，事例；情况，例子,,,
instant,瞬间；立即的；立即的； 紧急的； 可以速食的；立即的；紧急的；速溶的，方便的,,,
instantly,立即，即刻,,,
instead,代替，顶替；反而；作为替代； 却， 反而,,,
instinct,本能， 天性； 直觉；本能；直觉；生性,,,
institute,建立；建立， 设立；研究所，学院；研究所；学院,,,
institution,协会； 制度， 习俗；协会；制度，习俗；社会公共机构；制度，习俗；设立，制定,,,
instruct,指导；通知；命令；教授；指示， 命令； 通知； 教授， 训练；教；指示；通知,,,
instruction,命令， 指示； 用法说明； 教学， 教导；命令，指示，用法说明；命令；教学；教训,,,
instrument,仪器， 工具； 乐器；仪器，器械，工具；仪器；工具；乐器,,,
insufficient,不足的；不适当的,,,
insult,侮辱；侮辱， 凌辱；侮辱，凌辱,,,
insurance,保险， 保险费；保险；保险费,,,
insure,为…投保； 确保；给…保险；确保,,,
intake,摄入,,,
integrate,成为一体， 合并,,,
integration,综合,,,
integrity,完整，综合,,,
intellectual,智力的；知识分子,,,
intelligence,智力，智慧，理解力；智力； 理解力； 情报；智力；理解力；情报,,,
intelligent,智能的；聪明的， 理智的；聪明的；理智的,,,
intend,想要， 打算； 意思是； 打算使；想要，打算；意指；打算,,,
intense,强烈的；强烈的； 紧张的； 认真的； 热情的；强烈的；紧张的,,,
intensity,强烈， 剧烈； 强度；强烈，剧烈；强度,,,
intensive,加强的； 精深的， 透彻的； 精耕细作的；加强的；精耕细作的,,,
intention,意图， 意向， 目的；意图，意向，目的；打算，意图,,,
intentional,故意的，有意识的,,,
interaction,相互作用， 干扰；相互作用；干扰,,,
interconnect,相互联系,,,
interdependence,相互依靠,,,
interest,使感兴趣；兴趣；利益，利害关系；利息；兴趣；利益；利息,,,
interesting,有趣的，引人入胜的,,,
interfere,干涉， 干预， 妨碍；干涉，干预；妨碍,,,
interference,干涉， 干预， 阻碍；干涉，干预；阻碍,,,
interior,内的；内地的n内部；内部；内部的；内地的,,,
intermediate,中间的； 中级的；中间的；中级的,,,
internal,内的； 国内的； 内心的；内的；国内的,,,
international,国际的，世界(性)的,,,
internship,实习生身份； 实习医师期,,,
interpret,解释；解释， 说明； 口译；解释，说明；口译,,,
interpretation,解释； 口译； 艺术处理；解释；口译；阐释，说明,,,
interpreter,译员，口译者,,,
interracial,种族间的,,,
interrupt,打断， 打扰， 中断；打断，打扰；中止,,,
interruption,中断，打断；障碍物；打扰，中断,,,
interval,间隔， 间距； 幕间休息；间隔；休息；间距,,,
intervene,干涉， 调停， 干预； 插入， 介入； 干扰， 打扰,,,
intervention,干涉,,,
interview,会见；面谈（试）；接见， 会见； 面谈， 面试； 采访；接见；会见；面谈；采访,,,
intimate,亲密的；个人的；暗示， 提示；至交， 密友,,,
into,进，入；进入到,,,
introduce,介绍；引进，传入,,,
introduction,介绍， 引进； 引言；介绍；引进；引言,,,
invade,侵入，侵略；入侵， 侵略， 侵袭；入侵，侵略；侵袭,,,
invalid,无效的,,,
invariably,不变地，一直,,,
invasion,入侵， 侵略， 侵犯；入侵，侵略；侵犯,,,
invent,发明， 创造； 捏造；发明，创造；捏造,,,
invention,发明， 创造； 捏造；发明，创造；捏造,,,
inventor,发明者；发明家,,,
invest,投资；投资， 投入； 授予；投资；投入,,,
investigate,调查；调查， 研究,,,
investigation,调查，调查研究,,,
investment,投资， 投资额； 投入；投资，投资额，投入,,,
invincible,不能征服的， 无敌的,,,
invisible,看不见的， 无形的；看不见的，无形的,,,
invitation,邀请， 招待； 请柬； 吸引， 诱惑；邀请，招待；请柬,,,
invite,邀请，聘请；招待,,,
involve,使卷入， 牵涉； 包含， 含有；使卷入；牵涉；卷入，包含,,,
involvement,连累； 包含,,,
inward,向内；里面的；里面的；内心的,,,
iron,烫(衣)；铁；烙铁,,,
irrationally,不合理地，无理性地,,,
irregular,不规则的；不整齐的；不规律的,,,
irritate,激怒,,,
island,岛，岛屿,,,
isolate,使隔离， 使孤立；使隔离，使孤立,,,
issue,发行；发行， 分发， 发出；问题；问题；发行；问题；发行，分发,,,
it,这，那，它,,,
item,条， 条款， 一条；条，条款；条，条款；一条,,,
its,它的,,,
itself,它自己；自身,,,
jacket,短上衣，茄克衫,,,
jail,监狱；监狱，看守所；监禁；监禁， 拘留； 塞满； 卡住； 干扰,,,
jam,果酱,,,
jar,感到不快； 震动， 摇动；罐子，坛子，广口瓶,,,
jaw,颌， 颚；颌，颚,,,
jazz,爵士音乐， 爵士舞曲；爵士音乐，爵士舞曲,,,
jealous,妒忌的， 猜疑的； 精心守护的；妒忌的；猜疑的,,,
jeans,工装裤， 牛仔裤,,,
jet,乘喷气式飞机；喷气式飞机；喷嘴；喷气式飞机；喷嘴；喷射,,,
jewel,宝石； 宝石饰物；宝石；宝石饰物,,,
jewish,犹太人的,,,
job,职业；工作；零活,,,
join,参加；连接,,,
joint,接头，接缝；关节；联合的；连接的； 共同的,,,
joke,笑话；说笑话,,,
jolly,快活的；令人高兴的,,,
journal,日报， 杂志， 日志；日报，杂志；日志,,,
journalist,新闻工作者， 新闻记者；记者，新闻工作者,,,
journey,旅行；旅行，旅程,,,
joy,欢乐，喜悦；乐事,,,
joyful,十分喜悦的，快乐的,,,
judge,法官；裁判员,,,
judgement,判断，决定；意见； 审判； 判断；意见；审判；判断,,,
juice,(水果等)汁，液,,,
jump,跳过；跳；暴涨,,,
jungle,丛林， 密林， 莽丛； 乱七八糟的一堆；丛林，密林，莽丛,,,
junior,年少的；年少的；资历较浅的；晚辈；晚辈； 三年级学生,,,
jury,陪审团； 评奖团；陪审团；评奖团,,,
just,刚才；只是；正好,,,
justice,公正；正义， 公正； 司法；正义，公正；司法,,,
justify,证明……正当；证明…是正当的,,,
keen,热心的； 激烈的； 敏锐的， 敏捷的；热心的；激烈的,,,
keenly,敏锐地,,,
keep,保持；坚持,,,
keeper,看护人；饲养员,,,
kettle,水壶；水壶，水锅,,,
key,钥匙；键；答案,,,
keyboard,键盘,,,
kick,踢,,,
kid,小孩，儿童，少年；小孩；年轻人；戏弄， 开玩笑,,,
kill,杀死；扼杀；消磨,,,
kilogram,千克，公斤,,,
kilometre,千米，公里,,,
kind,种类,,,
kindergarten,幼儿园,,,
kindness,仁慈， 好意；仁慈，好意,,,
king,国王，君主,,,
kingdom,王国； 领域； 界；王国；领域，界,,,
kiss,吻；接吻,,,
kitchen,厨房，灶间,,,
kite,风筝,,,
knee,膝，膝盖，膝关节,,,
kneel,跪， 跪下， 跪着；跪，跪下，跪着,,,
knife,小刀，刀，餐刀,,,
knit,把…编结；编织,,,
knob,门把，拉手；旋纽,,,
knock,敲，击，打,,,
knot,(绳的)结，(树的)节；打结；把…打成结；结；节疤；节,,,
know,知道；认识；通晓,,,
knowledge,知识，学识；知道,,,
lab,实验室，研究室,,,
label,标签；标记，符号；贴标签于； 把…称为,,,
laboratory,实验室， 研究室；实验室，研究室,,,
laborious,费力的,,,
labour,劳动；工作；劳工,,,
lace,鞋带，系带；花边,,,
lack,缺乏，不足,,,
lad,男孩， 小伙子,,,
ladder,梯子，梯状物,,,
lady,女士，夫人；贵妇人,,,
lag,落后；走得慢,,,
lake,湖,,,
lamb,羔羊， 小羊； 羔羊肉；羔羊，小羊；羔羊肉,,,
lame,跛的；瘸的，残废的,,,
lamp,灯,,,
land,上岸；陆地；土地,,,
landing,上岸，登陆，着陆,,,
landlady,女房东；女地主,,,
landlord,地主， 房东； 店主；地主；房东，店主,,,
landscape,美化…的景观；风景，景色；风景画；全景,,,
lane,(乡间)小路；跑道；小路； 跑道； 航道， 航线,,,
language,语言，语言课程,,,
lantern,提灯，灯笼,,,
lap,膝盖；膝部；一圈；膝部；一圈，一段；舔； 拍打,,,
large,大的；巨大的,,,
largely,大部分， 大量地；大部分；大量地,,,
laser,激光,,,
last,最后；最后的,,,
late,迟的；迟，晚,,,
lately,最近，不久前,,,
later,后来；过一会儿,,,
latter,(两者中)后者的；后者的； 后一半的,,,
laugh,笑；笑，发笑,,,
laughter,笑， 笑声；笑，笑声,,,
launch,发射；发射，投射，发动；使下水；发射，投射；发动；发射； 下水,,,
laundry,洗衣房， 洗衣店； 待洗的衣服， 洗好的衣服；洗衣房，洗衣店；洗衣房；要洗的衣服,,,
lavatory,盥洗室， 厕所；盥洗室，厕所,,,
law,法律，法令；法则,,,
lawn,草地， 草坪， 草场；草地，草坪，草场,,,
lawyer,律师；法学家,,,
lay,置放；铺设；设置,,,
layer,层， 层次；层，层次；铺设者,,,
layout,布局， 安排， 设计；布局，安排，设计,,,
lazy,懒惰的，懒散的,,,
lead,铅，铅制品,,,
leader,领袖， 领导人， 首领；领袖，领导人；首领,,,
leadership,领导,,,
leading,指导的， 带头的； 最主要的； 饰演主角的；指导的；最主要的,,,
leaf,叶，叶子,,,
league,同盟，联盟；联合会,,,
leak,漏洞；漏；泄露,,,
lean,倾斜，屈身；靠；倾斜；屈身；靠；瘦的； 贫瘠的,,,
leap,跳跃；跳跃； 骤变；跳，跃,,,
learn,学，学习,,,
learned,有学问的； 学术上的；有学问的；学术上的,,,
learning,学习； 学问， 知识；学习；学问，知识,,,
lease,出租； 租得， 租有；租约，租契,,,
least,最少；最少的,,,
leather,皮革， 皮革制品；皮革；皮革制品,,,
leave,离去；离开,,,
lecture,演讲，讲课,,,
left,在左边；左边的,,,
leg,腿，腿部,,,
legal,法律的；法律的； 合法的；法律的；合法的,,,
legend,传奇；传说，传奇,,,
legislation,法律， 法规； 立法， 法律的制定,,,
leisure,悠闲，空闲；空闲时间； 悠闲；空闲时间；悠闲,,,
lemon,柠檬，柠檬树；柠檬； 柠檬树； 柠檬黄， 淡黄色,,,
lend,把…借给，贷(款),,,
length,长，长度；一段,,,
lengthy,长的，漫长的,,,
lens,透镜， 镜片， 镜头；透镜，镜片；镜头,,,
less,更少地；更少的,,,
lessen,减少；减少，减轻；缩小,,,
lesson,功课，课；课程,,,
lest,唯恐， 以免；惟恐，以免,,,
let,允许，让；使,,,
letter,信；证书；字母,,,
level,水平的；水平面,,,
lever,杆，杠杆；控制杆,,,
liability,责任,,,
liable,易于…的； 可能的；易于…的；可能的,,,
liar,说谎的人,,,
liberal,心胸宽大的， 慷慨的； 自由的， 自由主义的；心胸宽大的；慷慨的,,,
liberate,解放， 释放；解放；释放,,,
liberation,解放,,,
liberty,自由； 许可， 准许； 过于随便， 放肆；自由；释放；许可,,,
librarian,图书馆管理员；图书馆馆长,,,
library,图书馆；藏书,,,
license,准许；许可，执照；许可；执照,,,
lick,舔，舔吃；打败，克服；轻拍，吞卷；舔； 少量， 少许；舔；舔吃,,,
lid,盖子， 盖；盖子，盖，囊盖,,,
lie,躺，平放；位于,,,
lieutenant,陆军中尉；副职官员,,,
life,生命；一生；寿命,,,
lifetime,一生，终身,,,
lift,提起，提高；电梯,,,
light,轻的，少量的,,,
lighten,照亮，使明亮,,,
lightly,轻轻地，轻松地,,,
lightning,闪电， 电光；闪电，闪电放电,,,
like,喜欢；喜爱；希望,,,
likely,可能；可能的；可能的；适合的；很可能,,,
likewise,同样地； 也， 又；同样地；也，又,,,
limb,肢， 臂， 腿； 树枝；肢，臂，翼；树枝,,,
lime,石灰,,,
limit,限度；限制；范围,,,
limitation,限制， 限度； 局限；限制；限度，局限,,,
limited,有限的,,,
limp,〔因一腿受伤而〕跛行，一瘸一拐地走；跛行；软的；不强壮的,,,
line,线；排；路线；线条,,,
linen,亚麻布；亚麻织物,,,
liner,班船，班机,,,
link,有环连接；环；环节， 联系， 纽带；连接，联系,,,
lion,狮子；勇猛的人,,,
lip,嘴唇,,,
liquid,液体；液体的；液体的； 清澈的； 流畅的,,,
liquor,酒， 烈性酒；酒；溶液，液剂,,,
list,列举；表，目录,,,
listen,听，留神听；听从,,,
listener,听者，听众之一,,,
liter,升；升(容量单位),,,
literary,文学(上)的；文学的； 文人的， 书卷气的,,,
literature,文学， 文学作品； 文献， 图书资料；文学，文学作品；文献；文学；文献,,,
little,小的；少；幼小的,,,
live,居住；活；活的,,,
lively,活泼的；逼真的,,,
liver,肝；肝；肝脏,,,
living,活的；生活，生计,,,
load,装；装满；负载,,,
loaf,一条面包，一个面包；游荡， 闲逛；面包,,,
loan,借出；贷款；贷款， 借；贷款；暂借,,,
lobby,向进行游说；大厅；休息室；院外活动集团；大堂；游说,,,
local,地方性的； 本地的； 局部的； 狭隘的；地方的；局部的,,,
locate,位于，定位；探明， 找出； 把…设置在， 使…坐落于；探明，找出，查出,,,
location,位置， 场所； 外景拍摄地；位置，场所,,,
lock,锁；锁上，锁住,,,
locomotive,火车头，机车,,,
lodge,乡间小屋； 旅舍；住宿，暂住；暂住，借宿；暂住，借宿，投宿,,,
log,原木，木料；原木，木料；航海日志；正式记录,,,
logic,逻辑；逻辑， 推理， 逻辑学；逻辑，推理；逻辑性,,,
logical,逻辑的， 合乎常理的；逻辑的；符合逻辑的,,,
logically,合乎情理地，符合逻辑地,,,
lonely,孤独的；荒凉的,,,
long,渴望；渴望，极想念,,,
look,看；看，显得,,,
loop,圈，环，回路；循环；圈，环，环孔；成环， 成圈,,,
loose,松的； 不精确的， 不严密的； 散漫的；松的；宽松的,,,
loosen,解开； 放松， 松弛；解开；使松驰,,,
lord,贵族；上帝；领主， 君主， 贵族,,,
lorry,运货汽车， 卡车；运货汽车，卡车,,,
lose,失去；迷失；输掉,,,
loss,遗失；损失；失败,,,
lot,许多，大量；签，阄,,,
loud,响亮的；吵闹的,,,
loudspeaker,扬声器，喇叭,,,
love,爱；爱，喜欢,,,
lovely,可爱的；令人愉快的,,,
lover,爱好者； 情人；爱好者；情人；情侣,,,
low,低的，矮的；低下的,,,
lower,放下；放下， 降低；较低的；较低的；下面的,,,
loyal,忠诚的， 忠心的；忠诚的，忠心的,,,
loyalty,忠诚， 忠心；忠诚，忠实；忠诚，忠心,,,
luck,运气；好运，幸运,,,
lucky,幸运的， 侥幸的； 吉利的；幸运的；吉祥的,,,
luggage,行李；行李；皮箱，皮包,,,
lumber,木材；木料；制材,,,
lump,团，块；肿块；块，肿块；结块； 将…归并在一起,,,
lunch,午餐，(美)便餐,,,
lung,肺；肺脏，肺,,,
luxury,奢侈，奢华；奢侈品；奢侈； 奢侈品,,,
machine,机器；机械,,,
machinery,机器， 机械,,,
mad,发疯的；恼火的,,,
madam,夫人，女士，太太,,,
magazine,杂志，期刊,,,
magic,有魔力的； 魔术的；魔法，巫术；戏法；魔法，魅力,,,
magnet,磁铁， 磁体； 有吸引力的人或事物；磁铁，磁石，磁体,,,
magnetic,磁的，有吸引力的；磁的； 有吸引力的,,,
magnificent,壮丽的；华丽的；宏伟的， 壮丽的； 华丽的； 极好的,,,
maid,女仆， 侍女；女佣，女仆；少女,,,
mail,邮件；邮寄,,,
main,主要的，最重要的,,,
mainframe,主机， 大型机,,,
mainland,大陆,,,
mainly,主要地，大体上,,,
mainstream,主流,,,
maintain,维持，主张；维持； 维修， 保养； 主张； 赡养；维持；赡养；维修,,,
maintenance,维持，保持；维修；维持； 保养； 抚养费,,,
major,专业；主修；主要的；少校； 专业；较大的；较大的；主要的；重大的,,,
majority,多数；多数， 大多数；多数，大多数,,,
make,使；做，制造,,,
makeup,化装,,,
male,男子；男子， 雄性动物；男的，雄的,,,
malfunction,失灵，故障,,,
man,男人；人；人类,,,
manage,管理；设法；对付,,,
management,管理； 处理； 管理部门； 管理人员；管理；经营，处理,,,
manager,经理，管理人,,,
mankind,人类,,,
manly,男子气概的，果断的,,,
manner,方式； 态度； 风度； 礼貌， 规矩；方式；态度；礼貌,,,
manual,体力的；手册；手册， 指南；用手的；手工做的,,,
manufacture,制造；制造， 制造业；制造，加工；制造，生产；制造；产品,,,
manufacturer,制造商； 制造厂；制造商；制造厂,,,
many,许多人；许多的,,,
map,地图；图；天体图,,,
marble,大理石,,,
margin,边缘，范围；页边的空白；边缘；页边空白； 差数， 差额； 余地； 边缘,,,
marginalize,边缘化，排斥,,,
marine,海军陆战队士兵；海的， 海生的； 海事的， 海军的， 海运的；海的；海上的,,,
mark,斑点；记号；标明,,,
market,市场； 股市； 行情， 销路；市场；集市；销路,,,
marriage,结婚， 婚姻； 婚礼；结婚，婚姻；婚礼,,,
married,已婚的； 婚姻的；已婚的；婚姻的,,,
marry,娶， 嫁； 为…证婚； 结婚， 结合；娶，嫁；结婚,,,
marvellous,奇迹般的；了不起的,,,
marvelous,奇迹般的， 了不起的；引起惊异的,,,
masculine,男性的,,,
mask,掩饰；遮盖， 掩饰；面具，面罩，口罩；伪装；面具；伪装,,,
mass,众多，大量；团，块，堆；群众；质量；众多；团；群众；大量的，大规模的；聚集， 集中,,,
massive,大的， 大而重的； 大块的； 大量的， 大规模的；巨大的 大量的,,,
master,主人；能手；硕士,,,
masterpiece,杰作，名著,,,
mat,席子， 垫子；席子；草席；垫子,,,
match,比赛，竞赛；对手,,,
mate,伙伴，同事；配偶；伙伴，同事；配偶，配对物；大副；成为配偶， 交配,,,
material,材料，素材；材料；素材a物质的；物质的， 实体的； 肉体的； 重要的， 实质性的,,,
materialism,唯物主义,,,
mathematical,数学的；数学的，数学上的,,,
mathematics,数学,,,
maths,(英)数学,,,
matter,事情；物质；要紧；要紧，重要,,,
mature,使成熟；成熟的；成熟的；成年人的；深思熟虑的；到期的，应支付的,,,
maximum,最大值的，最大量的；最大的；最大的， 最高的， 顶点的；最大量；最大量，顶点,,,
may,aux可能；可以，祝,,,
maybe,大概，或许；也许,,,
mayor,市长,,,
me,(宾格)我,,,
meadow,草地，牧草地,,,
meal,膳食，一餐,,,
mean,作…解释；意指,,,
meaning,意义， 意思； 目的； 重要性；意义，意思；意图,,,
means,方法；方法， 手段， 工具； 金钱， 财产；方法，手段，工具,,,
meantime,其时，其间；其间， 同时；当时,,,
meanwhile,与此同时；同时，当时,,,
measurable,可测量的,,,
measure,分量；分量，尺寸，量具，测量；；分量； 尺寸； 量具； 计量单位； 量度， 测量； 措施， 办法；测量；测量，度量；衡量；量，测量,,,
measurement,衡量， 测量； 尺寸， 大小；衡量，测量；尺寸,,,
meat,肉,,,
mechanic,技工， 机修工； 力学， 机械学； 过程， 方法， 技术性细节；技工，机械，机修工；机械师,,,
mechanical,机械的， 机械制造的； 机械学的， 力学的； 呆板的；机械的；力学的,,,
mechanically,机械地,,,
mechanics,力学；技术性细节,,,
mechanism,机制，机能；机械装置； 机制， 机理； 办法， 途径,,,
medal,奖牌， 奖章， 勋章；奖章，勋章，纪念章,,,
media,新闻媒介， 传播媒介,,,
medical,医学的；内科的,,,
medication,药物治疗； 药物,,,
medicine,内服药；医学,,,
medium,中等的；媒体；媒介物，传导体；媒质；中间a中等的,,,
meet,相遇；遇见,,,
meeting,聚集，会合，会见,,,
melon,瓜，甜瓜,,,
melt,使融化；融化；融化； 熔化； 消散,,,
member,成员，会员,,,
membership,会员身份， 会籍； 全体会员， 会员数,,,
memorial,纪念的，悼念的；纪念的；记忆的；纪念碑， 纪念堂， 纪念仪式,,,
memorize,熟记，牢记,,,
memory,记忆；回忆；存储,,,
mend,修理，修补，缝补,,,
mental,心理的， 精神的， 思想上的； 精神病的； 智力的；智力的；精神的,,,
mention,提及， 说起；提及，说起,,,
menu,菜单；菜单；饭菜，菜肴,,,
merchant,商人；商人；零售商,,,
mercury,水银，汞,,,
mercy,仁慈， 宽容； 恩惠； 幸运；仁慈，慈悲，恩惠,,,
mere,仅仅的； 纯粹的；仅仅的；纯粹的,,,
merely,仅仅， 只不过；仅仅，只不过,,,
merit,优点，成绩；值得；值得， 应受；长处，优点，价值；功劳，成绩；长处，优点；功过,,,
merry,欢乐的， 愉快的；欢乐的，愉快的,,,
mess,凌乱状态，混乱的局面；困境；弄糟， 弄脏， 搞乱；混乱，混杂，肮脏,,,
message,信息，消息；启示,,,
messenger,送信者，信使,,,
metal,金属，金属制品,,,
meter,计量器，计，表,,,
method,方法，办法；教学法,,,
metre,米，公尺,,,
metric,公制的， 米制的；公制的，米制的,,,
microcomputer,微型计算机，微机,,,
microphone,扩音器， 话筒， 麦克风；话筒，麦克风,,,
microscope,显微镜,,,
midday,正午，中午,,,
middle,中部；中部的,,,
midnight,午夜，子夜，夜半,,,
midst,中部，中间，当中,,,
might,aux可能，会，也许,,,
migration,迁移，移民,,,
mild,和缓的；温柔的；温柔的； 温暖的； 轻微的,,,
mile,英里,,,
military,军事的，军用的；军事的；军人的；军队的，军事的；军队， 武装力量,,,
milk,乳，牛奶；挤(奶),,,
mill,工厂；磨坊；制造厂；磨坊；碾磨机；制造厂，工厂；磨， 碾,,,
millimetre,毫米,,,
million,百万；许多,,,
mind,头脑；理智；记忆,,,
mine,我的,,,
miner,矿工,,,
mineral,矿物；矿物的；矿物的，似矿物的；矿物， 矿石， 矿物质,,,
minimize,将…减少； 最小化,,,
minimum,最低的， 最小的；最低限度；最小量；最小的；最小量,,,
minister,部长， 大臣； 公使， 外交使节； 牧师；部长，大臣；公使,,,
ministry,(政府的)部；部,,,
minor,小的；未成年人；辅修科目；较小的，较少的；次要的；较小的；较次要的；辅修,,,
minority,少数； 少数民族；少数；少数民族,,,
minus,减；减(去)；负数；减号；负的,,,
minute,分，分钟；一会儿,,,
miracle,奇迹， 令人惊奇的人；奇迹，令人惊奇的人,,,
mirror,反映，反射；镜子,,,
miscalculation,算错，误算,,,
misconception,误解,,,
miserable,痛苦的；痛苦的，悲惨的；痛苦的； 悲惨的； 令人难受的,,,
misguide,误导,,,
misguided,被误导的,,,
mislead,使误入岐途；给…错误印象， 使误解； 把…带错路； 使误入歧途；误导,,,
miss,小姐,,,
missile,发射物；导弹；导弹， 飞弹， 投射物,,,
missing,缺掉的， 失踪的；缺掉的，失去的,,,
mission,使命， 任务； 使团；使命，任务；代表团；使命，任务；使团,,,
mist,蒙上薄雾； 模糊；薄雾,,,
mistake,误解，弄错；错误,,,
mistress,女主人；夫人,,,
misunderstand,误解；误解， 误会；误解，误会，曲解,,,
mix,使混合，混淆,,,
mixture,混合， 混合物；混合；混合物,,,
moan,呻吟；呻吟声,,,
mobile,运动的； 流动的； 多变的；运动的；流动的,,,
mode,方式，样式,,,
model,模型；模式；模特儿,,,
moderate,中等的； 温和的， 稳健的； 有节制的；和缓， 减轻； 节制；温和的；有节制的,,,
modern,现代的，近代的,,,
modernization,现代化,,,
modest,有节制的；谦虚的；谦虚的； 适中的； 羞怯的,,,
modify,更改， 修改； 修饰；更改，修改；修饰,,,
moist,湿润的， 潮湿的；湿润的；多雨的,,,
moisture,潮湿， 湿气；潮湿，湿气；温度,,,
mold,用模子制作， 塑造； 使形成， 影响…的形成；霉，霉菌；模型，铸模；性格,,,
molecule,分子；分子，克分子,,,
moment,片刻，瞬间，时刻,,,
money,货币；金钱，财富,,,
monitor,班长；监视器；班长；监视器，检测器；显示器；监听； 检测；监控，监听,,,
monkey,猴子，猿,,,
month,月，月份,,,
monthly,每月；每月的,,,
monument,纪念碑， 纪念馆； 历史遗迹；纪念碑；纪念馆,,,
mood,心情；心情， 情绪； 语气；心情，情绪；语气,,,
moon,月球，月亮；卫星,,,
moral,品行； 道德规范； 寓意；精神上的, 道德的；道德的，有道德的；道德的；合乎道德的,,,
more,更；更多的,,,
moreover,再者，加之，此外；而且， 再者， 此外,,,
morning,早晨，上午,,,
mortal,终有一死的；致死的,,,
mosquito,蚊子,,,
most,最多的；最，很,,,
mostly,主要的，大部分,,,
mother,母亲，妈妈,,,
motion,打手势， 示意；运动；手势，眼色，动作；提议；运动；手势；提议,,,
motivate,作为…的动机； 激励， 激发；促动，激发，诱导；促动；激励，激发,,,
motivation,激励，刺激,,,
motive,动机， 目的；动机，目的,,,
motor,发动机， 电动车；发动机；机动车,,,
mould,模子，模型；浇铸；用模子做， 浇铸； 使形成， 把…铸造成；霉，霉菌；模型，铸模；性格，气质,,,
mount,…山；山， 峰；登上，爬上；登上；发起；安放；增加，加剧,,,
mountain,山，山岳；山脉,,,
mourn,哀痛，哀悼,,,
mouse,鼠，耗子,,,
mouth,嘴，口，口腔,,,
mouthful,满口，一口，少量,,,
move,动；移动；感动,,,
movement,动作，活动；移动,,,
movie,电影；电影院,,,
much,许多的；非常，很,,,
mud,泥， 泥浆；软泥，泥浆,,,
muddy,多泥的，泥泞的,,,
mug,大杯；对…行凶抢劫,,,
multicultural,融合多种文化的,,,
multiple,倍数；复合的，多重的，多样的；复合的；并联的,,,
multiply,使增加；乘；增加， 繁殖； 乘,,,
murder,谋杀，凶杀；谋杀，凶杀；谋杀罪；谋杀；杀害,,,
murderer,杀人犯，凶手,,,
muscle,肌肉， 体力； 力量， 实力；肌肉，肌；体力,,,
museum,博物馆；博物馆；展览馆,,,
mushroom,蘑菇；蘑菇，菌类植物；迅速成长,,,
music,音乐，乐曲，乐谱,,,
musical,音乐的；和谐的,,,
musician,音乐家， 乐师；音乐家；作曲家,,,
must,aux必须；必然要,,,
mute,哑巴；缄默的,,,
mutter,轻声低语；抱怨,,,
mutton,羊肉,,,
mutual,相互的；相互的； 共同的；相互的；共同的,,,
mutually,互相地,,,
my,我的,,,
myself,我自己；我亲自,,,
mysterious,神秘的， 诡秘的；神秘的；难以理解的,,,
mystery,神秘； 神秘的人；神秘；神秘的事物；迷，神秘的事物,,,
myth,杜撰出来的人； 神话；神话,,,
nail,钉；钉；指甲,,,
naked,裸体的； 无遮蔽的；裸体的；无遮敝的,,,
name,名字；名誉；说出,,,
namely,即， 也就是；即，也就是,,,
nap,小睡，打盹，瞌睡,,,
narrow,狭的，狭窄的；限制,,,
nasty,龌龊的；淫猥的,,,
nation,民族；国家,,,
national,民族的；国家的,,,
nationality,国籍； 民族；国籍；民族，族,,,
native,本土的；本地人,,,
natural,自然界的；天然的,,,
naturally,当然； 天然地； 天生地；自然地；天然地,,,
nature,大自然； 本性； 性质；大自然；本性；性质,,,
naughty,顽皮的，淘气的,,,
naval,海军的；海军的，军舰的,,,
navigation,航行， 航海， 航空； 导航， 领航；航行；航海术；导航,,,
navy,海军,,,
near,近的；近，接近,,,
nearby,在附近；附近的,,,
nearly,差不多；密切地,,,
neat,整洁的；熟练的,,,
necessarily,必然，必定；必要地； 必然,,,
necessary,必要的；必然的,,,
necessity,必要性；必然性；必需品； 必要性， 需要,,,
neck,颈，脖子,,,
necklace,项链，项圈,,,
need,aux需要；需要,,,
needle,针，缝补，编织针,,,
needless,不需要的,,,
needy,贫穷的,,,
negative,否定的，消极的；负的；阴性的；否定的；消极的；否定的；消积的；负片， 底片； 负数,,,
neglect,忽视；忽视，忽略；疏忽；疏于照料；疏忽；疏忽,,,
negotiate,洽谈， 协商； 顺利通过， 成功越过； 协商， 谈判；谈判，协商，交涉,,,
neighborhood,地区,,,
neighbour,邻居，邻国，邻人,,,
neighbourhood,四邻； 附近； 接近；邻居关系；邻近,,,
neither,(两者)都不的,,,
nephew,侄子， 外甥；侄子，外甥,,,
nerve,神经； 勇敢， 胆量；神经；勇敢，胆量,,,
nervous,神经的；易激动的,,,
nest,巢，窝，穴；筑巢,,,
net,网，网状物；通信网,,,
network,网状物； 广播网， 电视网； 网络；网状物；网络,,,
neutral,中立的；中立的； 中性的；中立的；中性的,,,
never,永不，决不；不,,,
nevertheless,仍然；仍然， 然而；然而,,,
new,新的；新近出现的,,,
newly,新近，最近,,,
news,新闻，消息,,,
newspaper,报纸，报,,,
newsstand,报摊， 杂志摊,,,
next,紧接的；贴近的,,,
nice,美好的，令人愉快的,,,
niece,侄女， 外甥女；侄女，外甥女,,,
night,夜，夜间,,,
nightmare,噩梦； 可怕的事物， 无法摆脱的恐惧,,,
nine,九，九个,,,
nineteen,十九，十九个,,,
ninety,九十，九十个,,,
ninth,第九；九分之一,,,
nitrogen,氮,,,
no,不；并不；没有,,,
noble,贵族的；高尚的,,,
nobody,谁也不；无人,,,
nod,点(头)；点头表示,,,
noise,喧闹声；响声；噪声,,,
noisy,嘈杂的；喧闹的,,,
none,毫不；没有人,,,
nonsense,胡说， 废话； 冒失的行动；胡说，废话,,,
noon,正午，中午,,,
nor,也不；不,,,
normal,正常的， 平常的； 正规的， 规范的；正常的，普通的,,,
normally,通常，正常地；通常； 正常地,,,
north,北方的；北，北方,,,
northeast,东北；位于东北的,,,
northern,北方的，北部的,,,
northwest,位于西北的；西北,,,
nose,鼻子；突出部分,,,
not,不，没有,,,
note,笔记；便条；注释,,,
notebook,笔记本；笔记本，期票簿,,,
nothing,毫不；没有东西,,,
notice,注意；通知；注意,,,
noticeable,显而易见的；显而易见的；重要的,,,
notify,通知， 告知， 报告,,,
notion,概念， 观念； 意图， 想法， 念头,,,
noun,名词,,,
nourish,提供养分， 养育,,,
novel,小说；新的,,,
now,现在；立刻；于是,,,
nowadays,现今，现在,,,
nowhere,任何地方都不,,,
nuclear,原子核的；核心的；核子的， 核能的， 核武器的； 核心的,,,
nucleus,核心； 核；核，核心；(原子)核,,,
nuisance,讨厌的东西,,,
number,数，数字；号码,,,
numerous,为数众多的；许多；众多的,,,
nurse,保姆；护士；看护,,,
nursery,托儿所， 保育室； 苗圃；托儿所；苗圃,,,
nut,坚果，干果；螺母,,,
nutritious,营养的,,,
nylon,尼龙；尼龙，耐纶,,,
oak,栎属植物；栎木,,,
oar,浆，橹,,,
obey,服从；顺从；顺从， 服从,,,
object,反对， 不赞成；实物， 物体； 目的， 目标； 对象， 客体； 宾语；物，物体；目的,,,
objection,反对；反对， 异议； 反对的理由；反对，异议；不喜欢,,,
objective,客观的， 无偏见的；客观的；无偏见的；目标，目的,,,
obligation,义务， 责任,,,
oblige,迫使； 施恩于， 帮…的忙； 使感激；迫使；施恩惠于,,,
observation,注意， 观察； 言论， 评论； 观察资料；注意；观察；观察力,,,
observe,注意到， 观察； 评说； 遵守；遵守；遵守；看到；说,,,
observer,观察员， 观察者；观察员，观测者,,,
obstacle,阻碍；障碍， 障碍物， 妨碍；障碍，障碍物，妨害,,,
obtain,获得；获得，得到，买到；获得； 通用， 流行； 存在,,,
obvious,明显的；明显的，显而易见的,,,
obviously,明显地，显然地,,,
occasion,场合；场合，时刻；时机；场合，时刻；重大活动；时机；起因；引起,,,
occasional,偶尔的， 间或发生的；偶然的；临时的,,,
occasionally,偶然；非经常地,,,
occupation,占领， 占据； 职业； 从事的活动， 消遣；占领，占据；职业；职业，工作,,,
occupy,占领， 占， 占有；占领；占，占有,,,
occur,发生， 出现， 存在； 被想起， 被想到；发生；出现，存在,,,
occurrence,发生， 出现； 发生的事件；发生，出现；事件,,,
ocean,海洋；洋,,,
odd,奇数的；单只的；奇特的； 临时的； 奇数的； 单只的； 剩余的， 挂零的,,,
odour,气味，香气；味道,,,
of,…的；由于,,,
off,(离)开；(停)止,,,
offend,冒犯；冒犯， 伤害…的感情； 使厌恶； 违反；犯过错,,,
offense,犯规， 违法行为； 冒犯， 得罪；过错，犯罪,,,
offensive,冒犯的，无礼的；进攻的，攻击性的；进攻， 攻势,,,
offer,提供；提供；提出,,,
office,办公室；处，局，社,,,
officer,官员；干事；军官,,,
official,官员的；官方的；官员的；官方的，正式的；官员， 行政人员， 高级人员,,,
often,经常，常常,,,
oh,嗬，哦，唉呀,,,
oil,加油于；油；石油,,,
okay,对，好,,,
old,老的；…岁的,,,
omit,省略，省去；遗漏；省略； 遗漏,,,
on,在…上；在…旁,,,
once,一次；一次；曾经,,,
one,一；一个人,,,
oneself,自己；亲自,,,
onion,洋葱，洋葱头；洋葱； 洋葱类植物,,,
only,只，仅仅；唯一的,,,
onto,到…上,,,
open,开；开的；开放的,,,
opening,口子， 洞， 孔； 开始； 空缺；开始；开始的；开首的，开始的,,,
opera,歌剧,,,
operate,操作；施行手术,,,
operation,手术；行动；操作；手术；运算,,,
operational,操作上的；可使用的；运转的； 可使用的； 操作上的,,,
operator,操作人员，接线员；操作人员； 话务员， 报务员,,,
opinion,意见，看法，主张,,,
opponent,对手；对手， 敌手， 对抗者；对手，敌手；对抗者,,,
opportunity,机会， 良机；机会，良机,,,
oppose,反对； 反抗；反对；反抗,,,
opposite,对立物；对面的；相反的,,,
oppress,压迫，压制；压抑,,,
optical,眼的， 光学的， 视觉的；眼的；光学的,,,
optimistic,乐观的；乐观的， 乐观主义的；乐观的；乐观主义的,,,
option,选择；选择， 选择权， 选择自由； 选择的事物或人， 选课；选择，选择权,,,
optional,可以任意选择的；可以任选的,,,
or,或，或者；即,,,
oral,口头的； 口的；口头的；口的,,,
orange,橙(树)；柑(树),,,
orbit,做轨道运行；环绕；轨道；运行轨道,,,
orchestra,管弦乐队,,,
order,命令；次序；整齐,,,
orderly,整洁的； 有秩序的；整洁的；有秩序的,,,
ordinary,平常的；平凡的,,,
ore,矿， 矿石；矿，矿石，矿砂,,,
organ,器官；器官； 机构； 管风琴； 新闻媒介；器官；机构；管风琴,,,
organic,有机体的， 有机物的；有机体的；器官的,,,
organism,生物体；有机体；生物， 有机体； 机体， 有机组织,,,
organization,组织， 团体， 机构；组织；团体，机构,,,
organize,组织， 把…编组； 使有条理；组织，编组,,,
oriental,东方的；东方国家的,,,
origin,起源；起源， 起因； 出身， 血统；起源，由来；出身,,,
original,原件， 原作；原始的，最初的；最初的；新颖的；最初的；新颖的；原版的,,,
originate,开始,,,
ornament,装饰物；装饰,,,
orphan,孤儿,,,
other,另外的；其余的,,,
otherwise,另外；要不然,,,
ought,aux应当，应该,,,
ounce,盎司；盎司，英两,,,
our,我们的,,,
ours,我们的,,,
ourselves,我们自己,,,
out,出，在外；现出来,,,
outcome,结果；结果，后果，成果,,,
outdoor,户外的，室外的,,,
outdoors,在户外，在野外,,,
outer,外部的，外面的；外面的， 外层的,,,
outgoing,开朗的；外出的,,,
outlet,出口， 出路； 发泄途径；出口，出路；排遣,,,
outline,提纲，要点；外形，略图；梗概，提纲，草稿，要点；概述； 描…外形；轮廓；略图；大纲,,,
outlook,观点， 看法； 展望， 前景；观点，看法；展望,,,
output,产量；输出量；输出；产量；输出；输出功率；输出,,,
outset,开始， 开端；开始，开端,,,
outside,在…的外面； 向…的外面； 除…以外；外部的；外部，外表；外部；外表a外部的,,,
outskirt,外边，郊区,,,
outstanding,突出的， 杰出的； 未解决的； 未偿付的；突出的，杰出的,,,
outward,外面的； 外表的； 向外的；外面的；向外的,,,
outwards,向外，往海外,,,
oval,椭圆形；椭圆形的,,,
oven,炉， 烤箱；炉，灶；烘箱,,,
over,在…上方；超过,,,
overall,全面的；全面的， 总体的， 全部的；工装裤,,,
overcharge,向……多收费,,,
overcoat,外衣，大衣,,,
overcome,战胜， 克服； 压倒， 使受不了；战胜，克服,,,
overestimate,对（数量）估计过高,,,
overflow,溢出，淹没,,,
overhead,在头顶上；在头顶上的，架空的；在头顶上的；架空的；经常费用， 管理费用,,,
overload,使负担太重,,,
overlook,忽视； 宽恕； 俯瞰；眺望；看漏；放任,,,
overnight,一夜；突然；一整夜的； 一夜间的， 突然的；整夜， 通宵； 一夜间， 突然,,,
overseas,在海外；在海外的；海外,,,
overstate,夸张，夸大,,,
overtake,超车；追上， 超过； 突然降临于， 意外地碰上；追上，赶上；压倒,,,
overtime,超时的，加班的,,,
overweight,超重的,,,
overwhelm,压倒，战胜,,,
overwhelming,压倒性的,,,
owe,欠； 应把…归功于； 感激， 感恩；欠；应把…归功于,,,
owing,应付的， 未付的,,,
owl,猫头鹰，枭,,,
own,有，拥有；自己的,,,
owner,物主， 所有人；物主，所有人,,,
ownership,所有(权)，所有制；所有， 所有制,,,
ox,牛；公牛，阉牛,,,
oxygen,氧， 氧气,,,
pace,步，步速；步，步速；速度；节奏；踱步,,,
pacific,和平的；太平洋,,,
pack,包；包， 小盒；捆扎，把…打包；使挤在一起，塞满；捆扎；挤满,,,
package,包裹，包装；一揽子交易；包裹，包，捆；把…打包； 包装,,,
packet,小包(裹)，小捆；小包， 小盒,,,
pad,垫，衬垫；便笺本；发射台，直升机起落场；垫；本子；填塞,,,
page,页,,,
pain,痛，疼痛；辛苦,,,
painful,使痛的；费力的；疼痛的， 引起疼痛的； 困难的； 令人不快的；痛苦的，疼痛的，令人不快的,,,
paint,画；油漆；绘画,,,
painter,漆工，画家，绘画者；漆工； 画家,,,
painting,油画；绘画；着色,,,
pair,一对；成对，配对,,,
palace,宫，宫殿,,,
pale,苍白的；浅的,,,
palm,手掌， 掌状物； 棕榈树；手掌，手心；掌状物,,,
pan,平底锅，盘子,,,
panel,专门小组； 面， 板； 控制板， 仪表盘；专门小组；面，板,,,
panic,恐慌的；恐慌， 惊慌失措；恐慌，惊慌，慌乱,,,
pants,长裤， 便裤； 内裤,,,
paper,纸；官方文件；文章,,,
parade,游行；游行， 列队前进； 招摇而行；游行；检阅,,,
paradox,悖论，自相矛盾,,,
paragraph,(文章的)段，节；段， 节,,,
parallel,与…平行； 与…相似， 与…相当， 比得上；可相比拟的事物；相似处；平行线，平行面；纬线；平行的；相同的；平行的；类似的；并列的，并联的,,,
parcel,分， 分配； 把…包起来， 捆扎；包裹，小包，邮包,,,
pardon,原谅；原谅；赦免,,,
parent,父亲，母亲，双亲,,,
park,公园；停车场,,,
parliament,议会， 国会；议会，国会,,,
part,一部分；零件；本份,,,
partial,部分的； 不公平的； 偏爱的， 偏袒的；部分的；不公平的,,,
participate,参与， 参加； 分享；参与，参加；参与，参加；分享,,,
particle,微粒；粒子， 微粒； 小品词， 语助词；粒子，微粒,,,
particular,特别的，挑剔的；特殊的；特定的,,,
particularly,特别， 尤其；特别，尤其，格外,,,
partly,部分地，不完全地,,,
partner,伙伴，合伙人，搭档，配偶；伙伴；搭挡；配偶；做…的搭档,,,
party,党，党派；聚会,,,
pass,经过；通过；度过,,,
passage,通过；通路，通道,,,
passenger,乘客，旅客，过路人,,,
passion,激情， 热情； 酷爱；激情，热情；爱好；热情，激情,,,
passionate,热情的,,,
passive,被动的；被动的， 消极的；被动的；消极的,,,
passively,消极地,,,
passport,护照,,,
past,过去；过去的,,,
paste,粘， 贴；糊，糨糊；糊，酱；浆湖,,,
pat,轻拍；非常恰当的， 适时的,,,
patch,补丁；斑，与周围不同的部分；一小块地；补缀；补钉；碎片；补， 修补,,,
path,路，小道；道路,,,
patience,忍耐， 耐心；忍耐，容忍，耐心,,,
patient,忍耐的；忍耐的，有耐心的；病人,,,
patiently,耐心地,,,
pattern,仿制， 使照…样子；型，式样，模型；型，式样，模，模型；模式,,,
pause,中止，暂停,,,
paw,爪子；用爪子抓， 用蹄扒； 翻找；脚爪，爪子,,,
pay,支付；付给；给予,,,
payment,支付， 支付的款项；支付，支付的款项,,,
pea,豌豆；豌豆；豌豆属植物,,,
peace,和平；和睦；平静,,,
peaceful,和平的；安静的；平静的，和平的,,,
peach,桃子，桃树,,,
peak,山顶，巅；山顶，顶点；最大值的，高峰的；最高的；达到高峰， 达到最大值,,,
pear,梨子，梨树,,,
peasant,农民,,,
peculiar,奇怪的， 古怪的； 特有的；特有的；特别的,,,
peer,仔细看， 费力地看；同龄人；同龄人，同等地位的人；贵族,,,
pen,钢笔，自来水笔,,,
penalty,处罚， 惩罚； 罚金；惩罚,,,
pencil,铅笔,,,
penetrate,穿入；穿过；透入， 渗入， 进入； 刺穿； 洞察， 了解,,,
penny,(英)便士；(美)分,,,
pension,养老金；养老金，抚恤金；发给…养老金,,,
people,人民，民族；人,,,
pepper,在…上撒； 使布满；胡椒，胡椒粉,,,
per,每；每， 每一,,,
perceive,察觉；察觉，发觉；理解；感知， 感觉， 察觉； 认识到， 意识到； 理解,,,
percent,百分之…,,,
percentage,百分比， 百分率；百分比，百分率,,,
perception,感知；感知， 觉察； 认识， 观念， 看法,,,
perfect,完美的；完全的,,,
perform,做， 履行， 完成； 表演， 演出； 工作情况， 表现；履行，执行；演出,,,
performance,履行；演出；行为；演出，履行，表现；演出； 执行， 完成； 工作情况， 表现； 工作性能,,,
perhaps,也许，可能，多半,,,
period,时期；学时；句号,,,
permanent,永久的；永久的， 固定的；永久的，持久的,,,
permission,允许， 许可， 准许；允许，许可，同意,,,
permit,允许；执照,,,
persist,坚持， 持续；坚持，固执；持续,,,
persistence,坚持不懈,,,
persistent,坚持的， 不屈不挠的； 持续不断的； 反复出现的；持续的，坚持的,,,
person,人；人身；本人,,,
personal,个人的；本人的,,,
personality,个性，性格；人格， 个性； 人物， 名人,,,
personnel,人员， 员工；全体人员，全体职员,,,
perspective,视角， 观点； 远景， 景观； 透视画法， 透视图；视角，观点；远景；透视；远景；观点,,,
persuade,被说服；说服,,,
persuasion,劝说,,,
persuasive,劝诱的； 有说服力的,,,
pessimistic,悲观的；悲观的；厌世的,,,
pet,爱畜；宠儿a宠爱的,,,
petrol,(英)汽油；汽油,,,
petroleum,石油,,,
phase,阶段； 方面； 相， 相位；阶段；方面；相位,,,
phenomenon,现象,,,
philosopher,哲学家；哲学家， 哲人,,,
philosophy,哲学， 哲理， 人生哲学；哲学；哲理；人生观,,,
phone,电话，电话机；耳机,,,
photo,照片，相片,,,
photograph,照片，相片,,,
phrase,短语；习惯用语,,,
physical,物质的；物理的；身体上的；身体的； 物理的； 物质的， 有形的,,,
physician,内科医生；医生，内科医生,,,
physicist,物理学家,,,
physics,物理学；物理，物理学,,,
piano,钢琴,,,
pick,镐，鹤嘴锄,,,
picky,挑剔的,,,
picnic,郊游，野餐；野餐,,,
picture,画；画，图片,,,
pie,(西点)馅饼,,,
piece,拼合；碎片，块,,,
pierce,刺穿， 穿孔于；剌穿；穿入,,,
pig,猪，小猪，野猪,,,
pigeon,鸽子,,,
pile,堆；堆叠，累积,,,
pill,药丸；药丸，丸剂,,,
pillar,柱， 柱子； 栋梁；柱，柱子；栋梁,,,
pillow,枕头,,,
pilot,引航员；飞行员；试验性的， 试点的；领航员；飞行员；驾驶；为引航；试验，试用,,,
pin,别住；针，饰针,,,
pinch,捏，拧；捏，拧，掐掉；撮， 微量,,,
pine,松树，松木；消瘦， 衰弱； 痛苦， 悲哀； 渴望,,,
pink,粉红色；粉红色的,,,
pint,品脱,,,
pioneer,开拓，开发；拓荒者；先驱者,,,
pipe,管子，导管；烟斗,,,
pit,使有坑；地洞，坑；煤矿，矿井；坑，地坑；煤矿,,,
pitch,投掷；使猛然倒下；表达；把…定于特定程度；定调；投， 掷； 架设， 搭， 营； 颠簸；沥青；球场；程度，强度；高度；音高；沥青,,,
pity,同情；怜悯；遗憾,,,
place,地方，地点；住所,,,
plague,使困扰,,,
plain,平原；清楚的,,,
plan,计划，打算,,,
plane,平面；飞机,,,
planet,行星,,,
plant,工厂；栽种；植物；工厂,,,
plantation,种植园， 人工林；种植园；栽植,,,
plastic,可塑的；塑料；塑料的；塑料的；可塑的；塑料， 塑料制品； 信用卡,,,
plate,板，片，盘；电镀,,,
platform,平台， 站台， 讲台； 纲领， 宣言；平台；站台；讲台,,,
play,玩，游戏；演奏,,,
player,游戏的人；比赛者,,,
playground,操场，运动场,,,
pleasant,令人愉快的，舒适的,,,
please,使高兴，请vi满意,,,
pleasure,愉快，快乐；乐事,,,
pledge,保证， 许诺；保证，誓言,,,
plentiful,丰富的， 充足的； 大量的；丰富的，富裕的,,,
plenty,丰富，充足，大量,,,
plot,密谋；密谋， 计划； 绘制…的平面图， 在图上标绘…的位置；小块土地；故事情节；计划，密谋；小块土地,,,
plough,犁；犁，耕,,,
plug,塞；塞子；插头；把…塞住， 用…塞住；插头，插座；塞子，栓,,,
plunge,使投入；使陷入；纵身投入， 猛冲； 猛跌,,,
plural,复数；复数的,,,
pluralism,多重性； 兼职， 兼任,,,
plus,加号， 正号；加，加上；正的；表示加的；正的,,,
pocket,衣袋；袖珍的,,,
poem,诗；诗，韵文，诗体文,,,
poet,诗人,,,
poetry,诗， 诗歌， 诗集；诗，诗歌，诗作,,,
point,点；要点；细目；分,,,
pointless,无意义的,,,
poison,使中毒；毒害；毒，毒药,,,
poisonous,有毒的，有害的；有毒的； 恶毒的,,,
pole,杆，柱；杆； 极， 磁极， 电极,,,
police,警察；警察当局,,,
policeman,警察,,,
policy,政策， 方针； 保险单；政策，方针,,,
polish,擦光剂；磨光；使优美；磨光；修改，润色，使优美,,,
polite,有礼貌的；有教养的,,,
political,政治的，政治上的,,,
politician,政治家， 政客；政治家；政客,,,
politics,政治， 政治学； 政纲， 政见；政治，政治学；政纲,,,
poll,对…进行民意测验； 获得；民意测验；政治选举，大选；民意调查,,,
pollute,弄脏， 污染； 腐蚀；弄脏，污染，沾污,,,
pollution,污染；污染， 污染物,,,
pond,池塘,,,
pool,水塘，游泳池，水池,,,
poor,贫穷的；贫乏的,,,
pop,流行音乐，流行歌曲；突然出现，跳出,,,
popular,民众的；流行的,,,
popularity,普及， 流行； 声望,,,
popularize,普及,,,
population,人口；全体居民,,,
pork,猪肉,,,
port,港，港口,,,
portable,便于携带的， 手提式的；轻便的；手提的,,,
porter,搬运工；搬运工人；搬运工人； 看门人， 大楼管理员,,,
portion,一部分，一份；一部分；一分；分配， 把…分给,,,
portrait,消像，画像；肖像， 画像,,,
pose,使摆好姿势；造成，引起；提出，陈述；姿势；摆姿势，装腔作势；摆姿势；假装，装腔作势；样子， 姿势,,,
position,位置；职位；姿势；职位,,,
positive,确定的；积极的；确实的， 明确的； 积极的， 肯定的,,,
possess,占用， 拥有；占用，拥有(财产),,,
possession,有， 所有； 所有物；有，所有；占有物,,,
possibility,可能； 可能的事；可能；可能的事,,,
possible,可能的；可能存在的,,,
possibly,可能地；也许,,,
post,柱，桩，杆；贴出,,,
postage,邮费， 邮资；邮费，邮资,,,
postgraduate,研究生,,,
postman,邮递员,,,
postpone,延迟， 延期；延迟，推迟，延缓,,,
pot,锅，壶，罐，盆,,,
potato,马铃薯，土豆,,,
potential,有可能的；潜在的；潜力；潜力， 潜能；潜在的；潜在的，可能的,,,
pound,磅；英磅,,,
pour,倾泻；灌， 倒； 倾泻；灌，倒,,,
poverty,贫穷， 贫困；贫穷，贫困,,,
powder,粉末；药粉；火药；粉， 粉末,,,
power,能力；力；权；幂,,,
powerful,强大的， 有力的， 有权的； 强壮的， 强健的；强有力的；有权威的,,,
practical,实践的；实用的,,,
practically,几乎， 简直； 实际上；实际上；几乎,,,
practice,实践；练习；业务,,,
practise,练习，实习，训练,,,
praise,赞扬；赞扬，赞美,,,
pray,祈祷， 祈求； 请求， 恳求；请求；祈祷,,,
prayer,祷告， 祈祷； 祷文； 祈求， 祈望,,,
precaution,预防； 防备， 警惕；预防；警惕,,,
preceding,在前的， 在先的， 前面的；在前的；在先的,,,
precious,珍贵的， 宝贵的；珍贵的，宝贵的,,,
precise,精确的， 准确的； 严谨的；精确的，准确的,,,
precision,精确， 精密；精确，精密，精密度,,,
predict,预言， 预告， 预测；预言，预告，预测；预言，预测，预告,,,
predictable,可预料的,,,
preface,序言， 前言， 引言；序言，前言，引语,,,
prefer,宁可，宁愿,,,
preferable,更可取的， 更好的， 更合意的；更可取的，更好的,,,
preference,偏爱；偏爱，优先；优先权；喜爱， 偏爱； 偏爱的事物； 优先,,,
preferentially,优先地,,,
pregnant,怀孕的；怀孕的， 妊娠的,,,
prejudice,使有偏见； 对…不利， 损害；偏见；偏见，成见,,,
preliminary,初步做法， 起始行为；预备的，初步的,,,
preparation,准备， 预备； 制剂；准备，预备；制备,,,
prepare,做准备；准备，预备,,,
preposition,介词；前置词，介词,,,
prescribe,命令；处(方)；开； 吩咐采用； 规定， 指定,,,
prescription,处方,,,
presence,出席， 到场； 存在； 仪表， 仪态；出席，到场；在,,,
present,现在的；目前,,,
presentation,提供， 显示； 外观， 图像； 授予， 赠送； 报告， 介绍； 表演,,,
presently,一会儿；目前；不久， 一会儿； 现在， 目前,,,
preservation,保存，保留,,,
preserve,保护；保护， 维持； 保存； 腌制；保护；保存；腌渍,,,
president,总统；校长；会长,,,
press,压，按，揿；催促,,,
pressure,压力；压力；压，按；压，压强；压迫；对…施加压力， 迫使,,,
presumably,大概， 可能， 据推测,,,
pretend,假托，借口vi假装；装作， 假装,,,
pretty,漂亮的，标致的,,,
prevail,流行， 盛行；流行，盛行；胜，优胜；流行,,,
prevent,预防；预防，防止；阻止,,,
preventable,可预防的,,,
preventive,预防性的,,,
previous,之前的；先前地；先的， 前的； 以前的；先的；前的；在前,,,
previously,事先,,,
price,价格，价钱；代价,,,
pride,自夸；骄傲；自豪,,,
priest,神父， 牧师,,,
primarily,主要地，首先；首先； 主要地；首先；主要地,,,
primary,主要的，基本的；最初的；基本的；首要的， 主要的； 基本的； 最初的， 初级的,,,
prime,使准备好；春，青春；青春；全盛时期；首要的；首要的；最好的,,,
primitive,原人； 原始事物；原始的，早期的；简单的；粗糙的；原始的；简单的；原始的；粗糙的,,,
prince,王子，亲王,,,
princess,公主，王妃,,,
principal,主要的；最重要的，主要的；负责人；负责人， 校长； 资本， 本金； 主要演员， 主角,,,
principle,原则， 原理， 道义； 基本信念， 信条；原则，原理；原则，原理；主义,,,
print,印刷；印刷；正片,,,
prior,在先的；优先的；在前的； 优先的,,,
priority,优先， 重点； 优先考虑的事；优先，优先权,,,
prison,监狱，监禁,,,
prisoner,囚犯,,,
privacy,隐私,,,
private,士兵， 列兵；私人的；私人的；私下的；私人的；秘密的；私下的；私营的,,,
privilege,特权，优惠；特权； 优惠,,,
prize,奖赏，奖金；珍视,,,
probability,可能性；概率,,,
probable,很可能的， 大概的；或有的；大概的,,,
probably,或许，大概,,,
problem,问题；习题，问题,,,
procedure,程序；程序， 手续， 步骤；程序；手续；过程,,,
proceed,继续进行； 行进， 前进；进行；继续进行,,,
process,加工；加工； 办理；处理；过程，进程；工序；(法律)程序；过程；制作法；程序；过程；工序,,,
procession,队伍， 行列；队伍，行列,,,
produce,生产；产生；展现,,,
product,产品， 产物； 乘积；产品，产物；(乘)积,,,
production,生产；产品；总产量,,,
productive,富有成效的,,,
profession,职业；职业； 声明， 表白,,,
professional,专业人员；专业的；职业的；职业的，专业的，专门的；自由职业者， 专业人员,,,
professor,教授,,,
profile,为…描绘； 写…的传略；侧面；人物简介；轮廓，形象；姿态，引人注目的状态,,,
profit,受益；得益；有益于，有利于；益处；利润；益处；利润，收益,,,
profitable,有利可图的，有益的,,,
profound,深厚的,,,
program,节目单；大纲；程序,,,
programmer,程序设计员,,,
programming,编程；计划，节目(单)，程序；,,,
progress,前进，进展；进步,,,
progressive,前进的； 渐进的； 进行式的；进步的；向前进的,,,
prohibit,禁止， 不准；禁止，阻止；禁止，阻止，防止,,,
prohibitively,过分地，非常地,,,
project,伸出；伸出； 投射； 预计；工程，作业；方案， 计划； 课题， 项目； 工程；方案，工程,,,
prolong,拉长， 延长,,,
prominent,实起的；突出的；杰出的，突起的，凸出的；突出的， 杰出的； 突起的， 凸出的,,,
promise,允诺；诺言；指望,,,
promising,有希望的，有前途的,,,
promote,促进， 增进， 发扬； 提升； 宣传， 推销；促进，发扬；提升；促进，提升，推销,,,
promotional,促销的,,,
prompt,促使，推动；提示；及时的；提示台词， 提示；敏捷的，及时的；敏捷的；v. 敦促；敦促,,,
pronoun,代名词；代词,,,
pronounce,发…的音；宣布,,,
pronunciation,发音，发音法,,,
proof,耐…的， 能防…的；证据，证明；校样，样张；证据；证明；校样,,,
proper,适合的；合乎体统的,,,
property,财产， 所有物； 房产； 物业； 性质， 性能；财产，资产；性质,,,
proportion,比例，部分；比例； 部分， 份儿； 均衡， 相称；比，比率，部分,,,
proportional,比例的， 成比例的；比例的；相称的,,,
proposal,提议；提议， 建议； 求婚；提议，建议；求婚,,,
propose,提议；提议， 建议， 提出； 提名， 推荐； 打算， 计划； 求婚；求婚,,,
prospect,前景；前景， 前途， 可能性； 景象， 景色； 可能成为主顾的人； 有希望的候选人；勘探， 勘察；展望；前景，前程,,,
prosper,繁荣,,,
prosperity,繁荣；繁荣， 兴旺；繁荣；昌盛，兴旺,,,
prosperous,繁荣的， 兴旺的；繁荣的，昌盛的,,,
protect,保护，保卫，警戒,,,
protection,保护， 防护；保护，警戒,,,
protective,保护的， 防护的；保护的，防护的,,,
protein,蛋白质；蛋白质，朊,,,
protest,抗议；抗议， 反对,,,
protocol,礼仪， 礼节； 草案， 议定书,,,
proud,骄傲的；自豪的,,,
prove,结果是；证实， 证明； 结果是；证明,,,
provide,提供， 供给；提供；装备，供给,,,
provided,以…为条件；假如， 若是,,,
providing,倘若,,,
province,省； 领域， 范围；省；领域，部门,,,
provision,供应； 准备； 条款， 规定； 给养， 口粮；供应；预备；存粮,,,
provocation,激怒， 刺激； 挑衅， 挑拨,,,
provoke,对…挑衅， 激怒； 激起， 引起；激起，挑起,,,
psychological,心理上的；心理的；心理的，心理学的,,,
psychologist,心理学家,,,
public,公众；公众的,,,
publication,公布；出版；出版物；出版， 发行； 公布， 发表,,,
publicity,公众的注意， 名声； 宣传， 宣扬,,,
publicize,宣布,,,
publish,公布， 发表； 出版， 刊印；公布；发表；出版,,,
pull,拉，拖；拉，拉力,,,
pulse,搏动， 跳动；脉搏；脉冲；脉搏；脉冲，脉动,,,
pump,抽， 泵送， 打气；泵；用抽机抽,,,
punch,冲出；冲压机；猛击； 冲床； 穿孔机； 力量， 效力；猛击；穿孔,,,
punctual,严守时刻的， 准时的；严守时刻的；准时的；准时的,,,
punish,罚，惩罚，处罚,,,
pupil,学生，小学生,,,
purchase,买；买，购买；购买； 购买的物品,,,
pure,纯粹的；纯洁的,,,
purple,紫的；紫色,,,
purpose,目的；意图；效果,,,
purse,钱包， 女用小提包；钱包，小钱袋，手袋,,,
pursue,继续； 从事； 追赶， 追踪； 追求；追求；追赶，追踪；进行,,,
push,推；推，逼迫,,,
put,放，摆；使处于,,,
puzzle,使迷惑；智力测验； 谜， 难题， 令人费解的事； 困惑， 迷惑；迷惑；迷惑，为难；苦思；难题；谜,,,
puzzling,令人困惑的,,,
qualification,资格(证明)，合格证书；资格， 资格证明， 合格证书； 限制， 限定,,,
qualify,使……有资格；使具有资格；胜任， 具有资格， 合格； 限定,,,
quality,品质；质量；品质，特性,,,
quantity,量，数量；量，数量，分量,,,
quarrel,争吵，吵架，口角,,,
quarter,四分之一；一刻钟,,,
queen,王后；女王,,,
question,发问；问题；疑问,,,
queue,排队等候；行列；长队，行列,,,
quick,快的；敏捷的,,,
quiet,寂静的；安静的,,,
quit,停止， 放弃； 离开， 辞；放弃；离开，退出；停止,,,
quite,完全；相当；的确,,,
quiz,智力竞赛，问答比赛；小测验；考查， 盘问,,,
quotation,引文；引文， 引语， 语录； 报价， 牌价， 行情；引用；引文；报价单,,,
quote,引文， 引语； 报价， 牌价； 引号；引用，引证；报价；引用，援引,,,
rabbit,兔子，野兔,,,
race,比赛，竞赛，竞争,,,
racial,种族的， 人种的；种族的，人种的,,,
racially,种族上地,,,
rack,使痛苦， 折磨； 尽力使用；挂架，搁架；搁物架；行李架,,,
radar,雷达；雷达，无线电探测器,,,
radiation,放射物， 辐射能； 辐射；放射，发射；辐射能,,,
radical,根本的，基本的；激进的，激进派的；激进分子,,,
radically,完全地，彻底地,,,
radio,无线电；收音机,,,
radioactive,放射性的,,,
radius,半径,,,
rag,破布， 碎布； 破旧衣服；破布，碎布，抹布,,,
rage,狂吹； 汹涌； 激烈进行； 发怒， 发火；狂怒，盛怒；风靡一时的事物，时尚,,,
raid,袭击； 突入查抄， 突入搜捕； 劫掠,,,
rail,栏杆，横杆；铁轨，轨道；铁路；横条，横杆；铁轨；责骂， 抱怨,,,
railroad,由铁路运输；铁路,,,
railway,铁路；铁路，铁道,,,
rain,下雨；雨，雨水,,,
rainbow,虹， 彩虹；虹，彩虹,,,
rainy,下雨的，多雨的,,,
raise,举起；引起；提高；提高，筹款，抚养,,,
rally,集会；公路汽车赛；集合， 团结； 恢复， 重新振作,,,
range,一系列；范围；射程，距离；脉；射击场；变动； 漫游， 四处搜索； 使排列成行；在范围内变化；排，行；山脉；范围；范围,,,
rank,军衔，职衔；地位，社会阶层；排，行列；分等级；排，横行；社会阶层；给…评定等级； 列入， 占特定等级；衔，阶层,,,
rapid,快的；急流,,,
rare,稀有的， 冷僻的； 珍奇的； 出类拔萃的； 稀薄的； 煎得嫩的；稀薄的；稀有的；罕有的，少见的,,,
rarely,很少， 难得；很少，难得,,,
rat,老鼠，耗子；鼠,,,
rate,比率，速率；比率；速度；价格；被评价； 被列入特定级别；评估；给…定级，把…列为；值得，应得；速度，速率；比率；价格，费用；等级,,,
rather,宁可，宁愿；相当,,,
ratio,比， 比率；比，比率,,,
rational,理性的， 理智的； 合理的；理性的；出于理性的；神智清楚的,,,
raw,未煮过的；未加工的；自然状态的， 未加工过的； 生的； 未经分析的， 原始的； 生疏无知的， 未经训练的； 露肉而刺痛的,,,
ray,光线，射线，辐射线,,,
reach,抵达；伸出vi达到,,,
react,反应， 作出反应；对……作出反应；起反应；有影响,,,
reaction,反应； 反作用；反应；反作用,,,
read,读；读，看懂,,,
reader,读者；读物，读本,,,
readily,乐意地， 欣然地； 容易地； 很快地， 立即,,,
reading,读，阅读；读书,,,
ready,准备好的；愿意的,,,
real,真的；现实的,,,
realistic,现实的，实际的；现实的； 实际可行的； 现实主义的； 逼真的,,,
reality,现实， 实际； 真实；现实；真实,,,
realize,实现；认识到,,,
really,真正地；实在,,,
realm,王国，国土；领域；界， 领域， 范围； 王国， 国度,,,
rear,后部的，背后的；后部，后面；背面；后部，背面；后方；抚养， 饲养； 种植,,,
rearrange,重新安排,,,
reason,推理；理由；理性,,,
reasonable,合情合理的；公道的；通情达理的， 讲道理的； 合理的； 公道的； 尚好的， 过得去的,,,
reassess,重新评估,,,
rebel,反叛分子， 反对者；反叛， 造反； 反对， 不服从；造反；造反者,,,
rebuild,重建， 改造； 复原,,,
recall,回忆； 召回， 叫回； 收回， 撤销；回想；叫回；收回,,,
receipt,发票， 收据； 收入， 进款； 收到， 接到；收到；收条，收据,,,
receive,收到；得到；接待,,,
receiver,听筒； 接收器；收受者，收件人,,,
recent,新近的，最近的,,,
recently,最近， 新近；最近，新近,,,
reception,招待会， 欢迎会； 接受； 接待； 接收效果；接待；接待；招待会；接受,,,
recession,衰退；衰退， 衰退期,,,
recharge,再充电,,,
reckon,认为， 估计； 指望， 盼望； 测算， 测量,,,
recognition,认出， 识别； 承认； 赏识， 表彰， 报偿；认出，识别；承认,,,
recognize,认出， 识别； 承认； 赏识， 表彰， 报偿；认识，认出；承认,,,
recommend,推荐， 举荐； 劝告， 建议； 使成为可取； 使受欢迎；推荐，介绍；劝告；推荐，劝告，使受欢迎,,,
recommendation,推荐， 推荐信； 建议； 优点， 可取之处；推荐，介绍；劝告,,,
record,记录；记录；履历,,,
recorder,录音机， 录像机； 记录装置， 记录仪；记录者；录音机,,,
recover,恢复，重新获得；重新获得， 挽回； 恢复；重新获得；挽回,,,
recovery,恢复， 痊愈； 追回， 寻回， 收复；重获；痊愈，恢复,,,
recreation,娱乐活动， 消遣,,,
recreational,休养的； 娱乐的,,,
recruit,招募，吸收；新兵，新成员；新兵； 新成员,,,
recycle,循环，再利用,,,
red,红色；红色的,,,
reduce,减少；减少，减小；简化,,,
reduction,减少， 缩小； 下降， 降低；减少，减小，缩减,,,
refer,使求助于；谈到,,,
reference,参考；出处；提及；提到， 论及； 参考； 引文； 参考书目； 证明书， 证明人,,,
refine,改善，精炼；精炼， 精制， 提纯； 使优美， 使完善；精炼，提纯,,,
reflect,反射；反映；思考；反映；反映， 显示； 反射， 映现； 深思， 考虑， 反省,,,
reflection,反射；映象；反映；映像， 倒影； 反射； 反映， 表达； 非议； 沉思， 反省,,,
reflexion,反射；映象；反映,,,
reform,改革， 改良， 改造； 改正， 改过自新；改革，改良,,,
reframe,重新装裱,,,
refresh,使清新vi恢复精神；振作精神， 恢复活力,,,
refreshing,恢复活力的,,,
refrigerator,冰箱， 冷藏库；冰箱，冷藏库,,,
refuel,（给）加油，加燃料,,,
refugee,难民,,,
refusal,拒绝,,,
refuse,拒绝,,,
regard,把…看作；尊敬,,,
regarding,关于,,,
regardless,不顾一切地；不顾后果地； 不管怎样， 无论如何,,,
region,地区， 地带， 区域； 范围， 幅度；地区，地带；领域,,,
register,登记， 注册； 指示， 自动记下； 流露； 表示， 表达； 把挂号；登记，注册；登记；登记表,,,
regret,懊悔；懊悔；抱歉,,,
regular,有规律的，经常的；规则的；整齐的,,,
regularly,定期地，有规律地,,,
regulate,管理；管理， 控制； 调整， 调节；管理，控制；调整,,,
regulation,管理；规则；规则，规章；管理；规章， 规则； 管理， 控制； 调节,,,
reinforce,加强，强化；增强， 加强， 增援；增援，支援；加强,,,
reject,拒绝，驳回；拒绝； 拒纳， 退回；拒绝；丢掉；驳回；次品,,,
relate,使有关联；讲述，叙述；叙述；使联系；有关， 涉及； 符合； 相处,,,
relation,关系，联系；家属,,,
relationship,关系， 关联；关系，联系,,,
relative,亲属， 亲戚；亲戚；有关系的，相对的；有关系的；相对的；相对的,,,
relativity,相关性；相对性；相对论； 相关性,,,
relax,使松弛；放松， 松弛； 放宽， 缓和；松弛,,,
release,发布，释放；释放， 排放； 解除， 解脱； 放开， 松开； 发布； 发行；释放；放松；发表,,,
relevant,有关的， 切题的；有关的，中肯的；有关的，贴切的,,,
reliability,可靠性,,,
reliable,可靠的， 可信赖的；可靠的，可信赖的,,,
relief,减轻；救济；援救；轻松， 宽慰； 缓解； 调剂， 消遣； 接替,,,
relieve,使轻松， 使宽慰， 缓解； 使得到调剂； 接替；减轻，解除；救济；解除，减轻，缓解,,,
religion,宗教， 宗教信仰；宗教；宗教信仰,,,
religious,宗教的； 笃信宗教的， 虔诚的；宗教的；虔诚的,,,
reluctant,不情愿的， 勉强的；不愿意的，勉强的；不愿的，勉强的,,,
rely,依赖，依靠；信赖；依靠， 依赖； 信赖， 指望,,,
remain,剩下，余留；保持；剩下，余留；保持；仍然是；残余； 残骸； 遗迹,,,
remark,评论，谈论；话语； 谈论， 评论；说；评论说,,,
remarkable,值得注意的， 引人注目的； 异常的， 非凡的；异常的，非凡的,,,
remedy,治疗；补救；药物；补救办法，纠正办法；药品；治疗法；补救， 纠正； 医治， 治疗,,,
remember,记得，想起；记住,,,
remind,提醒， 使想起；提醒，使想起,,,
remonstrate,抗议,,,
remote,相隔很远的；冷淡的；遥远的； 偏僻的； 关系疏远的； 脱离的； 微乎其微的； 孤高的， 冷淡的； 遥控的,,,
removal,移动；迁移；除掉；除去， 消除； 移动， 搬迁,,,
remove,消除，移除；移动，搬开；脱掉,,,
render,使得， 致使； 给予， 提供； 翻译；给予；表示，给予；使得,,,
renew,使更新；更新；重新开始， 继续； 更新； 恢复； 延长有效期,,,
rent,出租；租借，租用；出租，出借；租金，租；租金； 出租,,,
rental,租,,,
repair,修理，修补,,,
repave,再铺，重新铺砌,,,
repeat,重复；重说，重做,,,
repeatedly,一再， 再三， 多次地；重复地；一再,,,
repetition,重复， 反复；重复，反复,,,
replace,代替；代替， 取代； 更换， 调换； 把…放回原处,,,
replacement,代替；代替， 取代； 更换， 调换； 替代的人,,,
reply,回答，答复,,,
report,报告；汇报,,,
reporter,记者；记者，通讯员,,,
represent,代表；作为…的代表； 表示， 象征； 描绘， 表现；描绘；代表；象征,,,
representative,代表；代表性的；代表，代理人；有代表性的， 典型的,,,
reproduce,复制, 再生；复制， 再现； 繁殖， 生殖；繁殖，生殖,,,
reproductive,生殖的，再生的,,,
republic,共和国，共和政体,,,
republican,共和党人；共和政体的；共和党的,,,
reputation,名气，名声，名誉；名誉， 名气， 名声；名誉，名声；好名声,,,
request,要求；请求，要求,,,
require,要求，命令；需要； 要求； 命令；需要；要求，命令,,,
requirement,要求； 必要条件； 需要， 需要的东西；需要；要求,,,
rescue,营救， 救援；营救，援救；营救，解救，救援,,,
resemble,像， 类似于；像，相似；像，类似,,,
reservation,预定；预订； 保留； 犹豫； 保留地,,,
reserve,保留，留存；预订；储备，保留；预定；储备； 保留； 拘谨， 矜持； 替补队员， 后备部队； 自然保护区；留出，预定,,,
reservior,水库；蓄水池,,,
reservoir,水库， 蓄水池； 储藏， 汇集,,,
residence,住处， 住宅； 居住； 居住资格；居住；驻扎；住处,,,
resident,居住的；居住的， 定居的； 住校的， 住院的；居民；居民，定居者；住院医生,,,
resign,放弃；辞去， 放弃； 使听从， 使顺从；辞职,,,
resist,抵抗， 反抗， 抵制； 抗， 耐； 忍住， 拒受…的影响；抵抗，抗拒；抵抗，抵制,,,
resistance,反抗， 抵制； 抵抗力， 抵抗性； 阻力； 电阻；抵制, 抵抗力；抵抗；抵制；抵抗力,,,
resistant,抵抗的， 抗…的， 耐…的；抵抗的，反抗的；抵抗的，抵制的,,,
resolution,坚决，坚定；决定；正式决定， 决议； 决心， 决意； 解决， 解答； 分辨率， 清晰度,,,
resolve,决心；解决， 解答； 决定， 决意；解决，下决心；解决；决心,,,
resort,求助， 凭借， 诉诸； 求助的对象， 采用的手段； 常去之地， 胜地；求助，凭借;诉诸于；求助，凭借，诉诸,,,
resource,资源； 财力； 应付办法， 谋略,,,
resourceful,机智的；资源丰富的,,,
respect,尊敬； 尊重；尊敬；尊重；问候；方面,,,
respectful,有礼貌的，尊重的,,,
respective,各自的， 各个的， 分别的；各自的，各个的,,,
respectively,各自地；各自地， 各个地， 分别地；各自地，分别地,,,
respond,作答；响应；回答， 答复； 作出反应， 响应,,,
respondent,回答者； 响应者； 被告,,,
response,作答，回答；响应；反应；回答， 答复； 反应， 响应,,,
responsibility,责任；责任， 责任心； 职责， 义务,,,
responsible,负责的，有责任的；需负责任的， 承担责任的； 有责任感的， 负责可靠的； 责任重大的， 重要的,,,
responsive,响应的； 敏感的， 易受影响的,,,
restless,不安定的，焦虑的；焦躁不安的； 静不下来的， 运动不止的,,,
restock,重新进货，再储存,,,
restore,修复；恢复， 使回复； 修复， 整修； 归还， 交还；恢复；归还；修补,,,
restrain,抑制，遏制；限制；阻止， 控制； 抑制， 遏制,,,
restraint,抑制， 限制， 克制； 约束措施， 约束条件；抑制；遏制；克制,,,
restrict,vt限制，限定，约束；限制， 约束， 限定；限制，限定,,,
restriction,限制，限定,,,
result,发生； 结果；结果；成果；比分,,,
resume,恢复；重新开始；摘要， 概要； 简历；重新开始， 继续， 恢复,,,
retail,零售,,,
retailer,零售商,,,
retain,保持，保留，保有；保留,留用；保留， 保持,,,
retire,退下；引退；就寝；退休， 退役； 退下， 退出， 撤退； 就寝,,,
retirement,退休,,,
retrain,再教育；再训练,,,
retreat,(被迫)退却，后退；退却， 撤退； 退避， 退缩；退避，后退,,,
reveal,展现；揭示，揭露；揭露， 泄露； 展现， 显示；揭露，揭示,,,
revenge,报仇,,,
revenue,收入；收入， 收益； 税收， 岁入,,,
reverse,反向的， 相反的， 倒转的；撤销，推翻；反向，倒转；彻底改变；相反，对立面；反面，背面，后面；挫折，逆境；背面；颠倒，翻转；（使）反转,,,
review,再检查；回顾；复习；复习,,,
revise,修订；修订， 修改； 复习；修订，校订；修改,,,
revolt,反叛， 起义；反叛，起义；反抗，违抗；厌恶，生反感；反抗，造反,,,
revolution,革命；革命；旋转，绕转,,,
revolutionary,革命的；革命的，革新的；革命者,,,
reward,报答；报答， 酬谢， 奖励；报答，奖赏；报答，奖赏；报酬，酬金；报答；报酬,,,
rhythm,韵律， 节奏；韵律，格律；节奏,,,
rib,肋骨；肋，肋骨,,,
ribbon,缎带， 丝带； 色带；缎带，丝带；带,,,
rid,使摆脱， 解除…的负担， 从…中清除；使摆脱，使去掉,,,
ridge,脊， 山脊； 垄， 埂， 脊状突起；脊；岭，山脉；垄,,,
ridiculous,荒谬的， 可笑的；荒谬的，可笑的,,,
rifle,来复枪， 步枪；步枪，来复枪,,,
rigid,严格的； 死板的； 刚硬的， 僵硬的；刚硬的；僵硬的,,,
rigorous,严格的,,,
ring,拳击台,,,
riot,把浪费在放荡的生活上；暴乱；暴乱，骚乱；极度丰富；聚众闹事,,,
riotous,狂暴的,,,
ripe,熟的； 时机成熟的；熟的；时机成熟的,,,
risk,冒…的危险， 使遭受危险；危险，风险；引起危险的事物；风险，危险，冒险,,,
rival,与 …竞争； 与…匹敌， 比得上；对手；竞争对手，敌手；可与匹敌的人；竞争的；竞争的，对抗的；竞争者,,,
roar,吼；吼叫，怒号，咆哮；轰鸣；大声喊出，大声表示；吼叫；呼喊；呐喊声， 咆哮声， 吼叫声； 轰鸣,,,
roast,烤肉；烤过的， 烘过的；烤，炙，烘,,,
rob,抢劫， 盗窃,,,
robot,机器人；自动机,,,
rocket,n.；火箭；火箭，火箭发动机；猛增；迅速上升， 猛涨,,,
rod,杆， 棒；杆，竿，棒,,,
roll,滚动；转动,,,
roller,滚柱，滚筒，滚轴；滚筒， 滚轴,,,
romantic,浪漫的； 多情的； 有浪漫色彩的， 传奇性的； 不切实际的， 空想的；浪漫的；传奇的,,,
rope,用绳捆；绳，索,,,
rotary,旋转的，转动的,,,
rotate,使旋转；旋转；旋转， 转动； 轮流,,,
rotation,旋转，转动；循环,,,
rotten,腐烂的，发臭的；腐烂的； 令人不愉快的； 糟糕的,,,
rough,表面不平的；粗略的,,,
rouse,唤醒，唤起；惊起；惊起； 唤起； 唤醒,,,
route,路线， 路程；路，路线，路程,,,
routine,例行公事；例行公事，惯例，惯常的程序；例行的， 常规的；日常的,,,
routinely,例行公事地,,,
row,(一)排，(一)行,,,
royal,王室的， 皇家的；王的；皇家的,,,
rub,擦， 摩擦,,,
rude,粗鲁的；粗鲁的， 不礼貌的； 粗糙的， 粗陋的,,,
rug,地毯；小地毯；毛毯,,,
ruin,毁坏；毁灭；废墟,,,
rumour,谣传， 谣言,,,
rural,农村的， 乡村的；农村的，田园的,,,
rush,催促；冲，奔,,,
rust,生锈， 氧化；生锈，氧化；铁锈；锈,,,
sack,袋，麻袋；开除；解雇； 洗劫， 劫掠；麻袋，包；解雇；洗劫，劫掠,,,
sacrifice,牺牲，舍身；献祭，供奉；牺牲； 供奉； 祭品；牺牲；南祭,,,
saddle,给…装鞍； 使承担任务；鞍子，马鞍；鞍，鞍状物；车座,,,
sail,帆；船；航行,,,
sailor,水手， 海员,,,
saint,圣人；圣徒； 圣人， 道德高尚的人； [用于人名或地名等前]圣,,,
sake,缘故， 理由；缘故，理由,,,
salad,色拉， 凉拌菜,,,
salary,薪金， 薪水,,,
salesman,售货员， 推销员,,,
sample,从…抽样； 品尝， 体验；样品，试样，样本；样品；实例，标本,,,
sanction,批准， 认可； 约束因素， 约束力；  国际制裁；批准，认可,,,
satellite,卫星， 人造卫星；卫星；人造卫星,,,
satisfactory,令人满意的；令人满意的，良好的,,,
sauce,调味汁， 作料,,,
saucer,茶托， 碟子；茶托，浅碟,,,
sausage,香肠， 腊肠；香肠，腊肠,,,
save,节省,,,
saving,节省， 节约； 储蓄金， 存款,,,
saw,锯子；锯，锯开,,,
say,比如说[用于举例],,,
scale,大小，规模；等级，级别；天平，磅秤；比例；刻度，标度；鳞；天平，磅秤，秤；攀登， 爬越；规模，比例,,,
scan,扫描；细看，审视；扫描，浏览；细看；浏览；扫描,,,
scandal,丑事， 丑闻； 流言蜚语； 反感， 愤慨,,,
scarce,缺乏的， 不足的； 稀少的， 罕见的,,,
scarcely,仅仅；几乎不；几乎不， 简直不； 决不； 刚刚， 才,,,
scare,吓， 使害怕； 受惊吓， 感到害怕；惊恐，恐慌,,,
scary,引起惊慌的,,,
scatter,使消散；撒；散播；撒， 散播； 散开， 驱散,,,
scenery,舞台布景；风景；风景， 景色； 舞台布景,,,
schedule,安排， 排定；日程表；时刻表，日程安排表；清单，明细表；时间表；计划表,,,
scheme,密谋， 策划；计划，方案；阴谋；计划，规划；诡计,,,
scholar,学者(尤指文学方面)；学者； 奖学金获得者,,,
scholarship,奖学金；奖学金； 学问， 学识,,,
scientific,科学(上)的；科学的,,,
scissors,剪刀；剪刀，剪子,,,
scold,责骂， 训斥,,,
scope,范围；范围； 余地， 机会,,,
score,得分，比数，成绩；得分，比数，成绩；二十；得， 给…打分； 画线于， 做记号于； 赢得,,,
scout,侦察员，侦察机；侦察员，侦察机，侦察舰；童子军；侦察， 寻找,,,
scrape,刮， 擦； 刮擦声；刮，擦,,,
scratch,抓痕， 划痕； 抓， 搔， 刮；抓，划痕；抓，搔，扒；刮，擦；刻出；搔；抓,,,
scream,尖叫声；尖叫，呼啸,,,
screen,屏幕，银幕；屏风；帘，纱窗；掩蔽， 遮蔽； 放映， 播放； 审查， 甄别；筛查,,,
screw,固定， 拧紧；拧紧；螺丝；螺旋，螺丝,,,
script,剧本， 广播稿； 书写用的字母； 笔迹， 手迹,,,
seal,封；封蜡；印记；封铅，封条；印，图章；海豹,,,
secondary,次要的， 第二的； 中等的； 辅助的， 从属的；第二的；次要的,,,
secretary,秘书；书记；大臣,,,
section,切片；一段；部门；部分， 章节； 部门， 科； 截面， 剖面,,,
sector,部门， 部分； 防御地段， 防区； 扇形,,,
secure,安全的，可靠的；牢固的，稳固的；无忧虑的，安心的；安心的；安全的；得到， 获得； 使安全， 保卫； 缚牢；确保……安全,,,
security,安全， 保障； 抵押品； 证券；安全，安保；安全，安全感,,,
seed,种(子)，籽，萌芽,,,
seek,寻找，探索；试图,,,
seemingly,表面上看,,,
segment,部分， 片段； 瓣,,,
seize,抓住；抓住，逮捕；夺取,,,
seldom,很少，罕见,,,
select,精选的， 挑选出来的； 优等的， 第一流的；选择，挑选,,,
selection,选择， 挑选； 被挑选出来的人， 精选品； 可供选择的东西；选择，挑选,,,
selective,选择的,精选的,,,
selfish,自私的；自私的， 利己的,,,
semester,学期,,,
semiconductor,n.；半导体,,,
seminar,研究班， 研讨会,,,
senate,参议院， 上院；参议院，上院,,,
senator,参议员,,,
senior,年少的；地位较高的；老年人；资格较老的，地位较高的；年长的；较年长者； 毕业班学生,,,
sensible,感觉得到的；明智的；明智的；明智的； 合情理的； 有知觉的,,,
sensitive,敏感的；敏感的， 灵敏的， 神经过敏的； 容易生气的， 易受伤害的；敏感的；灵敏的,,,
sentence,判决,,,
separate,分离的；个别的,,,
separately,分别地，另行,,,
sequence,连续， 接续， 一连串； 次序， 顺序；连续，继续；次序,,,
series,一系列， 连续； 丛书， 连续剧；连续，系列；丛书,,,
serve,为…服务；招待,,,
session,会议， 一届会期； 集会；会议，一段时间；开会，会议,,,
setting,安装，调整；环境；环境， 背景， 布景； 调节， 设定的位置；背景，环境,,,
settle,安排， 安放； 调停； 支付， 核算； 安家； 飞落， 停留； 安定；安排；安放；调停,,,
settlement,解决； 协议； 居留地；解决；殖民，殖民地,,,
severe,严格的；严厉的；严重的；严重的； 严厉的， 严格的； 严峻的， 艰难的； 朴素的， 不加装饰的,,,
sew,缝制；缝制， 缝纫；缝纫,,,
sexism,性别偏见， 性别歧视,,,
sexual,性的， 两性的； 性别的,,,
shade,荫蔽；荫；遮光物；阴凉处,,,
shallow,浅滩， 浅水处；浅的；浅薄的,,,
shave,修面；修面， 刮脸；剃，刮；剃，刮，刨，削；修面，刮脸,,,
shear,剪；剪；剥夺,,,
shed,棚， 小屋， 货棚；流出；散发；脱落；脱落，脱去；流出，流下；发出，散发,,,
sheer,垂直地，陡峭地；完全的，十足的；陡峭的，垂直的；极薄的，透明的；急转向， 偏离,,,
sheet,被单；纸张；薄板,,,
shelf,搁板，架子,,,
shell,剥…的壳； 炮击；壳，贝壳；外壳，框架；炮弹,,,
shelter,掩蔽处，躲避处；住所；掩蔽，保护；掩蔽， 庇护； 躲避；隐蔽处；掩蔽，庇护,,,
shield,保护；保护， 防护；盾；防护物；防护物，护罩；盾,,,
shift,替换，转移；移动，转移；改变，转变；转换；转换， 转变； 轮班,,,
shiver,冷颤；战栗， 颤抖；颤抖，哆嗦,,,
shock,感到震惊,,,
shoot,发射；射中；发芽,,,
shore,滨，岸,,,
shortage,不足， 缺少；不足，缺少，不足额,,,
shortcoming,短处， 缺点,,,
shortcut,捷径，近路,,,
shortly,立刻， 不久； 不耐烦地； 简短地；立刻；简短地,,,
shot,发射；弹丸；射门,,,
shower,阵雨；(一)阵；淋浴,,,
showmanship,主技演出的技巧,,,
shriek,尖叫声；尖声喊叫,,,
shrink,起皱； 收缩； 退缩， 畏缩,,,
shrug,耸肩,,,
sideways,从一边， 向一边； 在一边； 斜着， 侧身；向侧面；斜着，斜向一边地,,,
sigh,叹息；叹气， 叹息,,,
sightseeing,观光；观光， 游览；观光，游览,,,
sign,符号；招牌；签名,,,
signal,信号；信号，发信号；信号，暗号；标志，表示；发信号；发信号；标志着；显著的， 重大的,,,
signature,签名；署名， 签字， 签名；署名，签字，签名,,,
significance,意义， 含义； 重要性， 重大；意义，意味；重要性,,,
significant,有意义的；重要的；相当数量的； 重要的， 意义重大的， 意味深长的；重要的,,,
silence,使沉默；沉默,,,
silent,沉默的；寂静无声的,,,
silk,蚕丝，丝，丝织品,,,
silly,傻的，愚蠢的,,,
silver,银；银子；银器,,,
similar,相似的；相似的， 类似的；相似的，类似的,,,
similarly,类似地， 相似地；类似地，相似地,,,
simplicity,简单；简单， 简易； 朴素；简单，简易；朴素,,,
simplify,简化；简化， 使简明；简化，使单纯,,,
simply,简单地；朴素地,,,
sin,犯戒律， 犯过失；罪，罪孽,,,
sincere,真诚的， 诚挚的；真诚的；真挚的,,,
single,单一的；独身的；单程的；单程票；,,,
singular,单一的；非凡的；单数的； 非凡的， 奇特的； 独一无二的,,,
site,使坐落在； 设置；地点，地基；场所；地点，场所；场所，地址,,,
situation,情况,,,
sketch,略图；梗概；素描，速写；略图；速写；概略；绘…的略图， 画…的素描； 概述,,,
skilled,有技能的，熟练的；有技能的； 熟练的； 需要技能的,,,
skillful,灵巧的， 娴熟的；灵巧的，娴熟的,,,
skim,掠过，擦过；略读；撇去， 掠过， 擦过； 浏览， 略读,,,
skyrocket,突升，猛涨,,,
slam,使劲关，砰地放下；砰地关上；猛力拉，砰地放下；猛烈抨击；砰的一声,,,
slap,掴， 掌击， 拍；掴，掌击，拍；啪的一声放,,,
slave,奴隶,,,
sleeve,袖子， 袖套；袖子，袖套,,,
slender,细长的， 苗条的； 微薄的， 不足的；细长的；微薄的,,,
slice,切， 削；薄片，切片；部分,,,
slide,使滑动；滑；滑动； 滑道， 滑面； 幻灯片；滑；悄悄地移动,,,
slight,侮慢；轻视，冷落；轻微的，微小的,,,
slightly,轻微地,,,
slim,减轻体重， 变苗条；苗条的；薄的；少的,,,
slip,滑跤，滑落，溜；下降，跌落；悄悄放进；疏漏， 差错,,,
slippery,模糊的，不明确的，滑的；滑的，使人滑跤的；滑的； 狡猾的,,,
slit,切开，撕开；裂缝,,,
slope,倾斜；倾斜；斜面,,,
smart,巧妙的；洒脱的,,,
smash,破碎 ； 猛击， 猛撞； 轰动的演出， 巨大的成功；粉碎，打烂；狠打，猛击；破灭，失败；猛撞，猛冲,,,
smooth,光滑的,,,
snack,零食，小吃,,,
snap,仓促的， 突然的；吧嗒声；快照；咔嚓折断，啪地绷断；吧嗒一声；猛咬；厉声说话，怒声责骂,,,
so-called,所谓的， 号称的,,,
soak,浸泡；浸， 泡；浸，泡,,,
soar,猛增；猛增， 剧增； 高飞， 升腾； 高涨； 高耸， 屹立,,,
social,社会的； 交际的， 社交的,,,
socialism,社会主义,,,
socialist,社会主义者,,,
socialize,交往，联谊,,,
sociology,社会学,,,
soda,碳酸钠， 纯碱； 汽水， 苏打水,,,
software,软件,,,
soil,变脏；弄脏,,,
solar,太阳的， 日光的； 太阳能的；太阳的，日光的,,,
sole,单独的， 唯一的；脚底，鞋底，袜底,,,
solely,单独地，唯一地,,,
solemn,庄严的， 隆重的； 严肃的；庄严的；隆重的,,,
solicitor,律师， 法律顾问,,,
solid,固体；固体的；扎实的，坚实的,,,
soluble,可溶的；可以解决的,,,
solution,解决，解答，解决办法；解决，解答；溶解；解决； 解决办法； 溶液,,,
solve,解决；解答，解释，解决；解答； 解释； 解决,,,
somebody,某人，有人,,,
somehow,由于某种原因；由于某种原因， 不知怎么的； 以某种方式,,,
sometime,在某一时候；从前,,,
somewhat,一点儿；有点；有点儿,,,
sophisticated,复杂的；世故的；老于世故的； 高级的； 精密的， 复杂的； 高雅的；老于世故的；高级的,,,
sore,疮；疮， 痛处；痛的；恼火的；痛的；恼火的；急剧的，剧烈的,,,
sorrow,悲痛， 悲哀， 悲伤； 伤心事， 不幸的事；悲痛，悲哀，悲伤,,,
sort,整理；种类；类别,,,
sound,健康的；完好的,,,
sour,变酸， 变馊； 变得乖戾；酸的；脾气坏的；酸的；馊的，酸味的；脾气坏的,,,
source,来源；河的源头， 根源； 来源， 出处,,,
sow,播(种)；播种；播， 播种,,,
spacecraft,航天器， 宇宙飞船；航天器，宇宙飞船,,,
spade,铲， 铁锹；铲，铁锹,,,
span,持续， 贯穿； 包括； 横跨， 跨越；跨距，一段时间；跨距；一段时间,,,
spare,多余的；空闲的；节约,,,
spark,发出火花；火星；火花，；火花，火星,,,
specialist,专家,,,
specialize,专业从事；成为…专家； 专攻；成为…专家；专攻,,,
species,种， 类,,,
specific,特定的，具体的；特有的；具体的；特有的；具体的，明确的；详情， 细节,,,
specifically,特别地， 特定地； 明确地， 具体地,,,
specify,指定，具体说明；指定，详细说明；指定； 详细说明,,,
specimen,样本， 标本， 样品；样本，标本，样品,,,
spectacular,壮观的演出； 惊人之举；壮观的，引人注目的,,,
speculate,推测， 推断； 投机， 做投机买卖,,,
spelling,拼字， 拼法， 拼写法,,,
sphere,球体, 范围；球， 球体； 范围；球，圆体；范围,,,
spider,蜘蛛,,,
spill,使溢出；溢出；溢出，洒落,,,
spin,旋转；旋转， 自转；旋转；晕眩；纺，织；绞干，甩干；纺；使旋转,,,
spiritual,精神的， 心灵的； 宗教的,,,
spit,吐唾沫，吐出；唾沫， 唾液,,,
spite,n.；vt.；刁难,欺侮；刁难， 欺侮；恶意,怨恨,不顾；恶意，怨恨,,,
splendid,壮丽的； 极好的,,,
split,分裂，分离；被撕裂，裂开；分担，分享；劈开；被劈开；裂口,,,
spoil,战利品， 掠夺物；损坏，糟蹋；宠坏；损坏，糟蹋；宠坏，溺爱；变质,,,
spokesman,发言人,,,
sponsor,发起；发起者；发起； 资助， 赞助； 支持；赞助,,,
spontaneous,自发的,,,
sportsman,运动员,,,
spot,点，斑点；地点，处所；少量；认出， 发现； 玷污,,,
spray,喷；喷， 溅散；浪花，水花；喷雾；浪花；喷雾,,,
spread,传播，扩撒,,,
spring,跳跃；泉；跳，跃,,,
spur,刺激；刺激物；刺激， 鞭策， 激励,,,
square,正方形；广场,,,
squeeze,压，榨；挤； 握手； 拮据， 紧缺；挤；压榨，榨取；捏，握；榨，挤；压榨,,,
stability,稳定，稳定性，巩固,,,
stable,厩， 马厩， 牛棚；稳定的，不变的；稳定的，不变的；沉稳的，持重的,,,
stack,堆积；堆积， 堆放于；堆，垛,,,
stadium,运动场， 体育场,,,
staff,为…配备人员；工作人员；参谋,,,
stage,舞台；戏剧；阶段,,,
stain,污点， 污迹；沾污；给…着色；玷污；给…着色,,,
stair,楼梯,,,
stake,以…打赌， 拿…冒险；桩；利害关系；股份；赌金，赌注；桩；赌金；奖品；风险,,,
stale,不新鲜的； 陈腐的， 过时的；乏味的，没有新意的；陈腐的；走了气的,,,
standardize,使标准化,,,
standpoint,立场；立场， 观点,,,
stare,盯， 凝视,,,
startle,吃惊,,,
startup,启动，开办,,,
starve,挨饿， 饿死,,,
statement,陈述， 声明； 结算单， 报表,,,
static,静电；静的，静态的；静止的，停滞的；静的；静态的,,,
statistic,统计数值， 统计资料； 统计学,,,
statistical,统计的，统计学的,,,
statistics,统计学；数据,,,
statue,塑像， 雕像， 铸像；塑像，雕像，铸像,,,
status,地位；地位， 身份； 情形， 状况；地位，身分,,,
steady,使稳定；稳固的；稳定；稳定的，逐步的；稳的，平稳的；稳定的，持续的；稳固的,,,
steal,偷窃,,,
steam,蒸；蒸发；蒸汽,,,
steamer,轮船， 汽船；轮船，汽船,,,
steel,钢，钢铁,,,
steep,急剧升/降的；陡峭的；险峻的， 陡峭的； 过高的； 急剧的；险峻的，陡峭的,,,
steer,掌舵， 驾驶； 操纵；驾驶,,,
stem,堵住， 止住， 停住；茎，(树)干；茎，干；词干；起源,,,
stereotype,把…浇铸成铅版； 对…形成固定看法；老套，固定模式；陈规，老套，固定的模式；铅版,,,
sticky,粘性的；胶粘的；粘的；黏性的， 胶黏的；  湿热的,,,
stiff,极其， 非常； 僵硬地；硬的，僵直的；不灵活的；拘谨的，生硬的；费劲的；强烈的；硬的；僵直的,,,
stimulate,刺激；刺激， 激励， 激发；刺激，激励，激发,,,
sting,刺；刺伤处，蜇伤处；刺，蜇，叮；刺；刺痛,,,
stir,动；拨动；激动；搅动；拨动；激动；唤起；搅动；煽动，激起；搅拌， 搅动； 激动， 骚乱,,,
stock,储备；原料，库存品；股本，公债；世系，血统；汤汁；家畜，牲畜；原料；库存品；股本；常用的， 常备的；库存，股票,,,
stocking,长(统)袜；长袜,,,
stoop,俯身，弯腰；堕落，自贬；俯身；弯身；弯腰；弯腰， 曲背,,,
storage,贮藏； 贮藏量；贮藏；贮藏量,,,
store,贮藏；贮存品；商店,,,
storey,(层)楼,,,
stove,炉， 火炉， 电炉；炉，火炉，电炉,,,
strain,尽力；扭伤， 拉伤； 尽力； 拉紧；扭伤，拉伤；拉紧；拉紧；过劳；极度紧张；张力；扭伤，拉伤；旋律；品种，家系；气质，个性特点,,,
strange,陌生的；奇怪的,,,
stranger,陌生人；新来者,,,
strap,带子；捆扎；捆扎； 用绷带包扎,,,
strategic,对全局有重要意义的， 关键的； 战略的,,,
strategy,战略， 策略；战略；策略；策略，战略,,,
straw,稻草，麦杆吸管；稻草； 麦秆吸管， 吸管,,,
stream,河，溪流；一股，一串；流出， 涌出,,,
strengthen,加强， 巩固；加强，巩固,,,
stress,压力,重音；压力；强调；重要性；应力；重音；压力；重音；强调， 着重； 重读；着重,,,
stressful,充满著压力的，充满著紧张的,,,
stretch,一段时间， 一段路程， 连绵的一片； 伸展， 延伸；伸；伸展；伸展，延续；伸长，拉长；倾注全力；紧张,,,
strict,严格的,,,
striking,显著的， 突出的； 惹人注目的， 容貌出众的,,,
string,线，细绳；一串；线，细绳；一串，一行；缚，扎，挂；串起，穿；使排成一列；伸展，拉直；连成一串； 排成一行前进,,,
strip,剥；夺去；条带；脱光衣服；剥夺，夺去,,,
stripe,条纹；条纹，条子,,,
stroke,中风；一举，一次努力；划桨，划水；击，敲；报时的钟声；笔画，一笔；抚摸；打，击；鸣声；中风；抚摸,,,
structural,结构的，构造的,,,
structure,建造；结构；结构，构造,,,
struggle,搏斗,,,
studio,画室， 摄影室； 播音室， 录音室， 摄影棚,,,
stuff,材料；材料，东西；装， 填， 塞； 让…吃饱；装，填，塞,,,
subdivision,分区,,,
subject,使隶属；题目； 学科； 主语,,,
submarine,水下的；潜水艇,,,
submerge,浸没；淹没， 潜入水中；潜入水中,,,
submit,使服从；呈送，提交；主张，建议；使服从，使降服；屈从， 听从， 服从；提交；服从,,,
subsequent,随后的， 后来的；随后的，后来的,,,
subsidize,提供补贴,,,
substance,物质； 实质； 大意， 要旨； 根据， 理由；物质；实质；本旨,,,
substantial,可观的， 大量的； 结实的， 坚固的； 实质的， 真实的；大量的；物质的；坚固的,,,
substitute,代替；代替人；代替人；代用品；用…代替,,,
subtract,减， 减去， 去掉；减，减去，去掉,,,
suburb,郊区， 郊外， 近郊,,,
subway,地道； 地铁；地道；地下铁路,,,
succeeding,以后的， 随后的,,,
succession,连续； 一连串； 接替， 继任， 继承；连续；继任，继承,,,
successive,连续的， 接连的；连续的；接连的,,,
suck,吸， 吮， 啜； 吸收；吸，吮，啜；吸收,,,
suffer,受痛苦；遭受， 忍受， 容许； 受痛苦， 受损,,,
sufficient,足够的；足够的， 充分的；足够的，充分的,,,
suggestion,建议， 意见； 细微的迹象； 暗示,,,
suicide,自杀,,,
suit,起拆，诉讼；适合,,,
sulfur,硫(磺)，硫黄,,,
sulphur,硫(磺)，硫黄,,,
sum,共计；总数；金额；总数；金额；算术,,,
summarize,概括， 概述， 总结；概括，概述，总结,,,
summary,摘要，概要，一览；概括的， 概要的； 实时的， 即决的,,,
summit,最高点， 峰顶； 最高级会议,,,
sunlight,日光， 阳光,,,
sunrise,日出； 朝霞,,,
sunset,日落； 晚霞,,,
sunshine,日光， 阳光,,,
superb,极好的； 高质量的,,,
superficial,肤浅的；表面的， 肤浅的；表面的；肤浅的,,,
superior,上级的，较高的；上级的，较高的；优越的；有优越感的，高傲的；上级， 长官；上级，长官；较高的；优越的,,,
supervision,监督,,,
supplement,增补， 补充；增补， 补充； 增刊， 副刊；增补，补充,,,
supply,供给， 供应,,,
support,支持， 支撑物， 支持者；支撑；支持；供养；证实,,,
suppose,料想，以为；假定；期望；猜想， 假定， 让； [常用于被动语态]期望， 认为应该；猜想；假定；让,,,
supreme,最高的， 最大的； 极度的， 最重要的；最高的；最大的,,,
surf,冲浪,,,
surge,大浪， 波涛； 高涨； 汹涌；蜂拥而出；洋溢，奔放；汹涌，奔腾,,,
surgery,外科， 外科手术； 手术室；外科，外科手术,,,
surpass,超过,,,
surplus,过剩的， 多余的；过剩，剩余，盈余,,,
surrender,交出；交出， 放弃； 投降；投降,,,
surround,围， 围绕； 圈住,,,
surrounding,附近的；四周的,,,
surroundings,周围的事物，环境,,,
survey,俯瞰； 检查； 测量；俯瞰；检查；测量；勘测，测量，测绘，调查；调查， 勘察； 测量， 勘测； 全面审视， 概括论述；调查，审视，仔细考虑,,,
survival,幸存；幸存； 幸存者， 残存物,,,
survive,从…逃出，幸免于；从中挺过来；比…活得长；幸免于；活下来；活下来， 幸存,,,
survivor,生还者； 残存物,,,
suspect,可疑的， 不信任的；嫌疑犯；嫌疑犯，可疑分子；怀疑；怀疑，猜想；疑心；疑有；推测；对…表示怀疑,,,
suspend,吊，悬；推迟；暂停， 终止； 吊， 悬,,,
suspicion,怀疑， 疑心， 猜疑； 一点儿， 少量；怀疑，疑心，猜疑,,,
suspicious,怀疑的；可疑的,,,
sustain,保持， 使持续下去； 供养， 维持； 支持， 支撑； 经受， 遭受；支撑；供养；忍受；维持,,,
sustainable,可持续的,,,
swallow,吞， 咽； 轻信， 轻易接受； 承受， 使不流露； 咽下口水；咽下，吞下；燕子；燕子；吞，咽,,,
sway,影响；摇动；摇摆， 摇动； 起支配作用的影响；摇，摇动；动摇；摇；摇动,,,
swear,宣(誓)；宣誓； 咒骂；诅咒,,,
sweater,厚运动衫，毛线衫,,,
sweep,扫；刮起；扫过,,,
swell,波浪起伏； 鼓起， 隆起； 增强；膨胀，隆起；增长，增强，增多，扩大；膨胀；隆起；增长,,,
swift,快的； 反应快的； 敏捷的；快的；反应快的；迅速的,,,
swing,摇摆；摇摆，回转；突然转向；摇摆； 秋千；摇摆；回转,,,
switch,开关，电闸；转换，改变；开关；转换；转变，改变；转换；转换， 改变,,,
sword,剑， 刀；剑，刀,,,
symbol,象征，标志；象征； 符号， 标志；象征；符号，记号,,,
symbolize,象征,,,
sympathetic,同情的； 和谐的； 赞同的， 支持的； 合意的；同情的；和谐的,,,
sympathize,同情， 怜悯； 体谅； 赞同；同情；同感，共鸣,,,
sympathy,同情心；同情； 一致， 支持， 赞同,,,
symptom,症状；症状； 征候， 征兆,,,
synthetic,合成的，人造的；综合的， 合成的； 虚假的；综合的；合成的,,,
system,系统； 制度， 体制； 方法， 做法； 身体,,,
systematic,有系统的， 有计划的,,,
systematical,有系统的， 有计划的；有系统的；有计划的,,,
tackle,处理；对付，处理；与…交涉；阻截，擒抱；阻截， 擒抱； 用具， 钓具； 辘轳， 滑车,,,
tag,尾随；给…加上标签；附加语；标签,,,
tailor,裁制衣服；裁缝；调整使适应,,,
takeoff,起飞,,,
tale,故事，传说,,,
talent,天才， 才能； 人才；天才；才能；人才,,,
talk,讲话；谈论,,,
tame,制服， 控制并利用； 驯化， 驯服；驯服的，顺从的；沉闷的，乏味的；驯服的；顺从的,,,
tank,坦克；大容器，槽；油箱，水箱,,,
tap,轻叩,,,
target,把…作为目标； 瞄准；目标,,,
task,任务，工作,,,
taste,味觉，品味,,,
tasteless,无味的,,,
tax,对…征税； 使负担重， 使费尽力气；税，税款；负担,,,
technical,技术的；技术的，工艺的,,,
technician,技术员， 技师；技术员，技师,,,
technique,技术， 技巧， 技能；技术，技能；技巧，手艺,,,
technology,工艺学； 工艺， 技术,,,
tedious,冗长乏味的， 沉闷的；冗长乏味的，沉闷的；单调沉闷的,,,
teenager,青少年,,,
telegram,电报,,,
telescope,望远镜,,,
temper,调和， 使缓和； 【冶】使回火；韧度；心情，情绪,,,
temple,圣堂， 神殿， 庙宇；圣堂，神殿，庙宇,,,
temporary,暂时的， 临时的；暂时的，临时的,,,
tempt,引诱，诱惑；吸引,,,
temptation,诱惑， 引诱；诱惑，引诱,,,
tempting,诱人的，吸引人的,,,
tend,易于，往往会；趋向，倾向；照管， 照料， 护理；照管，照料，护理,,,
tendency,趋向， 趋势， 倾向；趋向，趋势，倾向,,,
tender,嫩的；脆弱的；嫩的；脆弱的；疼痛的，一触即痛的；温柔的；投标；提出,,,
tense,拉紧的；紧张的；拉紧， 绷紧；时态；时态，时,,,
tension,n.；紧张；紧张,不安,拉紧,张力；紧张， 不安； 拉紧； 张力， 拉力,,,
tent,帐篷,,,
terminal,晚期的，不治的；末端的，终点的，极限的；末端；末端的；终点站，航空站；终点； 终端； 接线端,,,
terrible,可怕的；极度的,,,
terribly,可怕地，非常,,,
territory,领土， 版图； 领域；领土，版图；领域；领土，领域,,,
terror,恐怖， 惊骇； 引起恐怖的人或事；恐怖，惊骇,,,
textile,n.；纺织品；纺织品；纺织业；纺织的,,,
theme,主题， 题目,,,
theoretical,理论(上)的；理论的,,,
theory,理论；理论， 原理； 学说； 意见， 看法,,,
therapy,治疗， 理疗；疗法 治疗,,,
thereby,因此， 从而， 由此；因此，从而，由此,,,
therefore,因此， 所以；因此，所以,,,
thermometer,温度计， 寒暑表；温度计，寒暑表,,,
thick,厚厚地；厚的，密的，浓的；不清楚的，口音重的,,,
thickness,厚(度)；密(度),,,
thinking,想法，意见，见解；深思的， 有理性的,,,
thirsty,渴的； 渴望的,,,
thorough,彻底的， 详尽的；彻底的；详尽的,,,
thoughtful,沉思的； 体贴的；沉思的；体贴的,,,
thread,线；丝；螺纹；头绪,,,
threat,威胁， 恐吓； 凶兆， 征兆；威胁，恐吓，凶兆,,,
threaten,威胁；威胁， 恐吓； 预示快要来临， 是…的征兆； 构成威胁； 可能发生；威胁，恐吓,,,
thrive,兴旺， 繁荣， 旺盛；兴旺，繁荣，旺盛,,,
throat,咽喉， 喉咙； 嗓音；咽喉，喉咙；嗓音,,,
throughout,到处；遍及,,,
thrust,戳， 刺； 要点， 要旨； 推力；插，刺；插；戳，刺；插；讽刺,,,
thumb,拇指；示意要求搭车,,,
thunder,吼出；打雷；打雷， 轰隆响； 大声喊， 吼；雷；雷，雷声；擂鼓般的响声，轰隆声,,,
thus,如此，这样；因而,,,
tide,潮， 潮汐； 潮流， 趋势；潮，潮汐；潮流；顺应潮水航行,,,
tidy,整洁的，整齐的；整洁的；整齐的；整洁， 整齐,,,
tighten,紧的，紧缩的,,,
timber,木材， 原木； 大木料， 栋木,,,
tin,锡；罐头,,,
tiny,微小的,,,
tip,给小费；轻击,,,
tire,疲劳，累；厌倦,,,
tissue,组织； 薄绢， 薄纸， 手巾纸；薄绢；薄纸；组织,,,
title,标题， 题目； 称号， 头衔； 权利， 权益,,,
toast,烘， 烤； 向…祝酒， 为…干杯；烘，烤；烤面包；烤面包；祝酒，祝酒词,,,
toe,脚趾，足尖,,,
toilet,厕所，盥洗室，浴室,,,
tolerance,宽容，容忍；忍受， 容忍， 忍耐力； 公差；忍受，容忍；公差,,,
tolerate,忍受， 容忍； 容许， 承认；忍受，容忍，宽恕,,,
tone,腔调， 语气； 音调； 风格， 气度； 色调， 明暗；音；腔调；声调,,,
toothache,牙痛，牙疼,,,
topic,题目， 论题， 话题,,,
torch,火炬， 火把； 手电筒；火炬，火把；手电筒,,,
torture,拷打；拷问；折磨,,,
total,合计，总共；总的,,,
touch,触；触摸；触动；感动,,,
tough,困难的；困难的， 难对付的； 坚强的， 能吃苦耐劳的； 健壮的； 坚硬的， 严格的； 老的， 硬的； 粗暴的， 充满暴力的；坚韧的；健壮的,,,
tour,旅行， 游历；旅行，游历,,,
tourist,旅游者，观光者,,,
towel,毛巾， 手巾；毛巾，手巾,,,
tower,塔；屹立，高耸,,,
trace,痕迹；痕迹；丝毫；痕迹；丝毫，少许；跟踪；跟踪； 追溯； 描摹,,,
track,行踪；路径；轨道；跟踪,足迹,,,
tractor,拖拉机， 牵引车；拖拉机；牵引车,,,
trade,交易；贸易；职业,,,
tradition,传统， 惯例,,,
traffic,交通，通行；交通量,,,
tragedy,悲剧， 惨事， 惨案； 悲剧艺术；悲剧；惨事，惨案,,,
trail,痕迹，小径；痕迹；小径；跟踪；跟踪， 追踪,,,
trait,性格,,,
transaction,交易，业务，事务；办理， 处理； 交易， 业务； 会报， 学报,,,
transfer,搬， 转移； 调动， 转学； 转让， 过户； 乘车， 转乘；转换，调换；转移；调动vi转移,,,
transform,使改观， 改革； 变换， 把…转换成；改变；改变；改造；变换,,,
transformation,变化；改造；转变,,,
transformer,变压器，转换器,,,
transistor,晶体管,,,
translation,翻译； 译文， 译本,,,
transmission,传播， 发射； 传送， 传递； 传染；传送；传动；发射,,,
transmit,传送， 传递； 传染； 播送， 发射；传送，传达；发射,,,
transparent,透明的； 易识破的； 明显的， 清楚的；透明的；易识破的,,,
transport,运输；运输， 运输工具,,,
transportation,运输；运输， 运送， 客运；运输，运送，客运,,,
trap,设陷阱捕捉； 诱骗；诱骗；陷阱，捕捉器；圈套，诡计；困境；陷阱；诡计,,,
trash,垃圾，废物；拙劣的文学作品；没用的人，社会渣滓，败类；捣毁， 破坏,,,
tray,(浅)盘，托盘，碟；盘， 托盘， 碟,,,
treasure,珍爱；珍视；财富；珍宝,,,
treat,对待；处理；款待,,,
treatment,待遇； 治疗， 疗法； 对待， 处理；待遇；治疗，疗法；治疗，对待,,,
treaty,条约， 协议， 协定；条约；协议，协定,,,
tremble,发抖，哆嗦；摇动；颤抖；颤抖； 摇晃， 摇动,,,
tremendous,巨大的；极大的， 非常的； 精彩的， 了不起的；极大的，非常的,,,
trend,伸向；倾向；倾向,,,
trial,试， 试验； 审判； 讨厌的人；试，试验；审判,,,
triangle,三角；三角(形),,,
trick,哄骗；诡计；窍门,,,
trigger,引发，引起,,,
trim,使整齐；整齐的,,,
triumph,凯旋，胜利；凯旋；胜利；成功；胜利,,,
troop,军队，部队；一群，大量；军队；一群，大量；成群结队而行,,,
tropical,热带的；热带的； 炎热的,,,
troublesome,令人烦恼的， 麻烦的；令人烦恼的；麻烦的,,,
truly,真正地； 忠实地,,,
trumpet,喇叭，小号；大声宣告， 鼓吹,,,
trunk,树干； 大衣箱， 皮箱； 汽车后备箱； 象鼻；树干；大衣箱，皮箱,,,
trust,信任；相信；委托,,,
truth,真理；真实；真实性,,,
tube,管， 电子管， 显像管；管；电子管，显像管,,,
tuition,学费,,,
tumor,瘤,,,
tune,调子；和谐；调整， 调节； 为调音；调谐,,,
tunnel,挖， 开；隧道，坑道，地道,,,
turbine,叶轮机， 汽轮机；叶轮机，汽轮机,,,
tutor,导师；家庭教师，私人教师；当…导师， 当…家庭教师,,,
twin,孪生儿；孪生的,,,
twist,扭弯；扭弯； 转折， 转变； 弯曲， 曲折处；扭曲，使弯曲；捻；拧；缠绕，盘绕；转动，旋动；捻，搓；歪曲，曲解；扭歪，扭伤；曲折前进；转身,,,
type,型，类型；打字,,,
typewriter,打字机,,,
typical,典型的， 代表性的；典型的，代表性的,,,
typist,打字员,,,
tyre,轮胎， 车胎；轮胎，车胎,,,
ugly,丑陋的； 可怕的,,,
ultimate,最后的，最终的；终极， 顶点,,,
ultimately,最后，最终,,,
umbrella,伞， 雨伞,,,
unaffordable,买不起的，负担不起的,,,
unbearable,无法忍受的,,,
uncertain,不确定的,,,
unconscious,不省人事的,,,
uncover,揭开…的盖子；揭露， 暴露； 揭开…的盖子,,,
undergo,承受；经历， 经受， 忍受； 接受；经历，经受，忍受,,,
undergraduate,大学在校生；大学本科生,,,
underground,在地下，往地下；秘密地，不公开地；地下的；秘密的，不公开的；地铁； 地下组织,,,
underline,划线于…之下；在…下面画线； 强调， 使…突出；强调,,,
undermine,暗中破坏,,,
underneath,下部， 底部；在…下面，在…底下；在下面，在底下,,,
understanding,体谅的， 宽容的， 通情达理的；理解，理解力；谅解；协议；相互理解，融洽,,,
undertake,从事； 承担； 同意； 保证；从事；承担；保证；承担,,,
undervalue,低估,,,
undo,解开， 打开； 取消， 撤销；解开，打开；取消,,,
undoubtedly,无容置疑，肯定地；无疑；毋庸置疑地， 肯定地,,,
uneasy,心神不安的， 忧虑的；心神不安的，忧虑的,,,
unexpected,想不到的， 意外的；想不到的，意外的,,,
unfortunately,不幸地,,,
uniform,一样的；制服,,,
unintended,意想不到的,,,
union,工会， 联盟； 联合， 团结； 一致；联合；团结；协会,,,
unique,唯一的， 独一无二的； 极不寻常的， 极好的；唯一的，独一无二的；独特的，唯一的,,,
unit,单位；单元；部件,,,
unite,使联合；联合；联合， 统一,,,
unity,单一， 统一， 团结； 和睦， 协调；单一；统一；团结,,,
universal,宇宙的；普遍的；普遍的，宇宙的，全世界的；普遍的； 通用的； 全世界的,,,
universe,宇宙， 世界； 领域， 范围,,,
unknown,不知道的；未知的,,,
unless,除非， 如果不；除非，如果不,,,
unlike,不像…；不同的；不象…,,,
unlikely,未必的，未必可能的,,,
unload,卸(货)；卸货；卸， 卸货； 下客； 退出子弹； 卸下胶卷,,,
unrest,不安定，动荡,,,
unusual,不平常的， 少有的； 独特的， 与众不同的,,,
unwilling,不愿意的,,,
up-to-date,直到最近的， 现代的； 跟上时代的,,,
upbringing,养育，培养，教养,,,
update,更新，使现代化,,,
upper,上面的， 地位较高的；上面的；地位较高的,,,
upright,垂直的；正直的；垂直的；正直的，诚实的；挺直着， 竖立着,,,
upset,使心烦意乱，使苦恼，使不适；搅乱；弄翻，倾覆；弄翻，打翻，倾覆；心烦的， 苦恼的； 不适的；翻倒；搅乱；不安；不适,,,
upward,向上的，上升的,,,
urban,a.；城市的， 都市的； 住在都市的；都市的,住在都市的,,,
urge,冲动；冲动， 强烈的欲望；推进；催促；鼓励；推进，催促；竭力主张，强烈要求,,,
urgent,紧急的， 急迫的；紧急的；强求的,,,
usage,使用，对待；惯用法；使用； 对待； 惯用法,,,
utility,使用，公共设施；效用， 有用， 实用； 公用事业；效用，有用，实用,,,
utilize,利用,,,
utmost,最远的；极限,,,
utter,发出， 说， 讲；完全的，彻底的,,,
vacant,空的， 未被占用的； 空缺的； 茫然的， 空虚的；空的；未被占用的,,,
vacation,假期， 休假,,,
vacuum,用吸尘器清扫；真空；真空吸尘器,,,
vague,模糊的， 含糊的；模糊的，含糊的,,,
vain,徒劳的； 自负的；徒劳的；自负的,,,
valid,有效的；有效的； 正当的； 有根据的， 有理的；有效的；正当的,,,
value,价值；价格；评价；重视,,,
van,大篷车， 运货车；大篷车，运货车,,,
vanish,消失；突然不见， 消失； 不复存在， 绝迹；突然不见，消失,,,
vapour,汽，蒸气；蒸汽,,,
variable,变量；易变的,,,
variation,变化， 变动； 变异； 变奏；变化，变动；变异,,,
variety,多样；多样化； 种类； 变种；多样化；种类；变种,,,
various,各种各样的， 不同的；各种各样的，不同的,,,
vary,变化；不同；改变； 多样化；改变；使多样化,,,
vast,巨大的， 大量的； 浩瀚的；巨大的；大量的,,,
vehicle,车辆；车辆， 机动车； 传播媒介， 工具， 手段；车辆，机动车,,,
velocity,速度，速率,,,
venture,冒险；冒险， 敢于；敢于；风险投资，风险项目,,,
verify,证实， 查证， 证明；证实，查证；证明,,,
version,版本；译文；说法；改写本；译本； 说法； 改写本,,,
vertical,垂直的， 竖式的；垂直的，竖式的,,,
vessel,容器； 船； 飞船； 管；容器；船，飞船；管,,,
veteran,老兵， 老手；老兵，老手,,,
via,经过， 通过；经过；通过；通过,,,
vibrate,使颤动；颤动,,,
vice,罪恶； 恶习， 缺点； 虎钳；罪恶；恶习；缺点,,,
victim,牺牲者， 受害者,,,
victimize,使受害， 使牺牲,,,
video,录像；录像的；电视的,,,
view,看待,,,
viewpoint,观点， 看法， 见解,,,
vigorous,朝气蓬勃的；朝气蓬勃的； 有力的， 用力的,,,
vinegar,醋,,,
violate,违反；违反， 违背； 亵渎； 侵犯； 妨碍,,,
violence,猛烈， 激烈； 暴力,,,
violent,暴力引起的， 暴力的； 猛烈的， 剧烈的；猛烈的；狂暴的,,,
violet,紫罗兰；紫色的,,,
violin,小提琴,,,
virtual,实质上的， 事实上的， 实际上的；虚拟的,,,
virtually,几乎，差不多；实际上， 事实上；实际上，事实上,,,
virtue,善， 美德； 优点， 长处；善；美德；优点,,,
virus,病毒；病毒； 病毒性疾病， 病毒病,,,
visibility,可见度， 能见度； 可见性， 明显性；能见度,,,
visible,可见的， 看得见的， 有形的；可见的，看得见的；看得见的,,,
vision,想象力； 梦幻； 视力， 视觉；视；想象力；梦幻,,,
visual,看得见的；看的；看得见的；视觉资料,,,
vital,生命的；有生命力的；致命的， 生死攸关的； 极其重要的； 生命的， 有生命力的；重要的,,,
vitally,极其重要地,,,
vitamin,维生素；维生素，维他命,,,
vivid,鲜艳的； 生动的， 栩栩如生的；鲜艳的；生动的,,,
vocabulary,词汇；词汇表， 词汇， 语汇,,,
volcano,火山,,,
volt,伏特， 伏；伏特，伏,,,
voltage,电压,,,
volume,卷， 册， 书卷； 容积， 体积； 音量， 响度；卷，册；容积；音量,,,
voluntary,自愿的， 志愿的；自愿的，主动的；自愿的，志愿的,,,
volunteer,志愿者；志愿兵；自愿提供； 自愿， 志愿,,,
vote,投票，选举；投票； 表决；票，选票；选举，投票，表决；表决结果，投票总数,,,
voyage,字；航海，航空,,,
wage,开展(运动),,,
waggon,四轮运货马车,,,
wagon,四轮马车， 大篷车； 铁路货车， 客货两用车,,,
waist,腰， 腰部,,,
waken,弄醒；醒来；醒来， 弄醒,,,
wander,漫游， 闲逛， 漫步； 偏离正道； 走神， 恍惚；漫游；迷路；离题,,,
want,需要；缺乏,,,
warmth,暖和， 温暖； 热烈， 热情， 热心；暖和，温暖；热烈,,,
water,使湿，灌溉；水,,,
waterproof,不透水的， 防水的；不透水的，防水的,,,
wave,波动；波；波涛,,,
wax,给…上蜡；蜡，蜂蜡,,,
weaken,减少，减弱；削弱；削弱， 变弱；变弱,,,
weakness,虚弱，软弱；弱点,,,
wealth,财富， 财产； 丰富,,,
wealthy,富有的， 富裕的,,,
weapon,武器， 兵器,,,
wear,磨损,,,
weave,纺织；织， 编；织，编,,,
wedding,婚礼,,,
weed,杂草，野草；除草,,,
weekly,每周；每周的,,,
weep,哭泣， 流泪； 渗出；哭泣，流泪,,,
weld,焊接， 熔接；焊接，熔接,,,
welfare,幸福，福利；幸福； 福利， 福利救济；福利,,,
well-known,众所周知的， 著名的,,,
whale,鲸,,,
whatever,[用于否定句中以加强语气]任何； 无论什么,,,
wheat,小麦,,,
wheel,轮，车轮,,,
whereas,然而， 但是， 尽管,,,
whichever,无论哪个， 无论哪些,,,
whilst,当…的时候,,,
whip,鞭子；鞭笞；搅打；鞭笞；猛地移动；搅打成糊状,,,
whisper,低声地讲；低语；低语， 耳语,,,
whistle,口哨；口哨；呼啸而过；吹口哨；吹口哨， 鸣笛声； 呼啸而过,,,
whoever,谁； 无论谁； 究竟是谁,,,
wholly,完全地， 全部地；完全地，全部,,,
wicked,坏的， 令人厌恶的； 淘气的， 顽皮的；坏的；令人厌恶的,,,
widen,加宽；加宽， 变宽；变宽,,,
widespread,分布广的， 普遍的；普遍的，广泛的,,,
widow,寡妇,,,
width,宽阔， 广阔； 宽度；宽阔，广阔；宽度,,,
willing,愿意的，心甘情愿的,,,
wind,卷曲；绕，缠绕,,,
wing,翼，翅膀，翅,,,
wire,金属线；电缆；电信,,,
wisdom,智慧， 才智； 名言,,,
wise,聪明的，有智慧的,,,
wit,智力，才智，智能；风趣； 妙语； 智力， 才智， 智能,,,
withdraw,收回， 撤回； 撤退；收回；撤回vi撤退,,,
withstand,抵挡， 反抗；抵挡，反抗,,,
witness,目击；目击者，目击；目击； 为…作证， 证明；证据；目击者，证人；证据；证人,,,
wolf,狼,,,
wooden,木制的；呆板的,,,
wool,羊毛； 毛线， 绒线；羊毛；毛线，绒线,,,
workman,工人， 劳动者， 工匠；工人，劳动者，工匠,,,
workshop,车间， 作坊， 创作室； 研讨会， 讲习班；车间，工场；创作室,,,
world-wide,遍及全球的,,,
worldwide,全世界范围地,,,
worm,虫， 蠕虫；虫，蠕虫,,,
worsen,（使）变得更坏,,,
worship,崇拜；礼拜；崇拜；礼拜；崇拜；信奉,,,
worst,最坏地；最坏的,,,
worth,价值；值…的,,,
worthless,无价值的， 无用的；无价值的，无用的,,,
worthwhile,值得花时间的；值得花时间的， 值得做的；有价值的,,,
worthy,有价值的， 值得的；有价值的；值得的,,,
wound,使受伤；创伤，伤,,,
wrap,披肩；裹，包，捆,,,
wreck,失事；残骸；失事；残骸；精神或身体已垮的人；破坏,,,
wrist,腕， 腕关节；腕，腕关节,,,
writer,作者， 作家,,,
writing,书写， 写； 著作,,,
yard,院子，庭院；场地,,,
yawn,呵欠；打呵欠,,,
yearly,一年一度；一年一度地；每年的,,,
yield,产量；出产；出产；让出，放弃；屈服，顺从；倒塌，垮掉；屈服，产出,,,
youngster,青年， 年轻人， 孩子,,,
youth,青春；青年们；青年,,,
zone,地区， 区域， 范围；地区，区域，范围,,,
